file,line,type,commit,author,date,time,timezone,datetime,depth,length
style.css,1,css,2af04027,selinaz154,2025-01-15,12:38:49,-08:00,2025-01-15T12:38:49-08:00,0,6
style.css,2,css,3d12392a,selinaz154,2025-01-15,12:31:37,-08:00,2025-01-15T12:31:37-08:00,0,32
style.css,3,css,3ceb368b,selinaz154,2025-01-15,22:08:56,-08:00,2025-01-15T22:08:56-08:00,0,38
style.css,4,css,3ceb368b,selinaz154,2025-01-15,22:08:56,-08:00,2025-01-15T22:08:56-08:00,0,33
style.css,5,css,6c489e70,selinaz154,2025-01-24,13:51:35,-08:00,2025-01-24T13:51:35-08:00,0,40
style.css,6,css,8aecd498,selinaz154,2025-01-23,13:58:31,-08:00,2025-01-23T13:58:31-08:00,0,0
style.css,7,css,8aecd498,selinaz154,2025-01-23,13:58:31,-08:00,2025-01-23T13:58:31-08:00,0,17
style.css,8,css,8aecd498,selinaz154,2025-01-23,13:58:31,-08:00,2025-01-23T13:58:31-08:00,0,23
style.css,9,css,8aecd498,selinaz154,2025-01-23,13:58:31,-08:00,2025-01-23T13:58:31-08:00,0,0
style.css,10,css,2af04027,selinaz154,2025-01-15,12:38:49,-08:00,2025-01-15T12:38:49-08:00,0,0
style.css,11,css,13b7145f,selinaz154,2025-01-13,21:03:23,-08:00,2025-01-13T21:03:23-08:00,0,0
style.css,12,css,fafe5307,selinaz154,2025-01-15,00:34:58,-08:00,2025-01-15T00:34:58-08:00,0,0
style.css,13,css,8aecd498,selinaz154,2025-01-23,13:58:31,-08:00,2025-01-23T13:58:31-08:00,0,0
style.css,14,css,44ccc484,selinaz154,2025-01-06,15:12:02,-08:00,2025-01-06T15:12:02-08:00,0,5
style.css,15,css,44ccc484,selinaz154,2025-01-06,15:12:02,-08:00,2025-01-06T15:12:02-08:00,0,24
style.css,16,css,2720e362,selinaz154,2025-01-13,16:55:10,-08:00,2025-01-13T16:55:10-08:00,0,16
style.css,17,css,2617c972,selinaz154,2025-01-13,17:03:41,-08:00,2025-01-13T17:03:41-08:00,0,19
style.css,18,css,455f34cc,selinaz154,2025-01-13,17:04:25,-08:00,2025-01-13T17:04:25-08:00,0,13
style.css,19,css,4730fff9,selinaz154,2025-01-13,17:13:34,-08:00,2025-01-13T17:13:34-08:00,0,43
style.css,20,css,6c489e70,selinaz154,2025-01-24,13:51:35,-08:00,2025-01-24T13:51:35-08:00,0,33
style.css,21,css,44ccc484,selinaz154,2025-01-06,15:12:02,-08:00,2025-01-06T15:12:02-08:00,0,0
style.css,22,css,9e95737d,selinaz154,2025-01-13,20:36:52,-08:00,2025-01-13T20:36:52-08:00,0,0
style.css,23,css,6c489e70,selinaz154,2025-01-24,13:51:35,-08:00,2025-01-24T13:51:35-08:00,0,18
style.css,24,css,fafe5307,selinaz154,2025-01-15,00:34:58,-08:00,2025-01-15T00:34:58-08:00,0,17
style.css,25,css,6c489e70,selinaz154,2025-01-24,13:51:35,-08:00,2025-01-24T13:51:35-08:00,0,3
style.css,26,css,fafe5307,selinaz154,2025-01-15,00:34:58,-08:00,2025-01-15T00:34:58-08:00,0,0
style.css,27,css,f28bf911,selinaz154,2025-01-15,01:20:02,-08:00,2025-01-15T01:20:02-08:00,0,0
style.css,28,css,7f44457c,selinaz154,2025-01-15,01:01:11,-08:00,2025-01-15T01:01:11-08:00,0,4
style.css,29,css,6c489e70,selinaz154,2025-01-24,13:51:35,-08:00,2025-01-24T13:51:35-08:00,0,0
style.css,30,css,8aecd498,selinaz154,2025-01-23,13:58:31,-08:00,2025-01-23T13:58:31-08:00,0,40
style.css,31,css,8aecd498,selinaz154,2025-01-23,13:58:31,-08:00,2025-01-23T13:58:31-08:00,0,0
style.css,32,css,8aecd498,selinaz154,2025-01-23,13:58:31,-08:00,2025-01-23T13:58:31-08:00,0,0
style.css,33,css,fafe5307,selinaz154,2025-01-15,00:34:58,-08:00,2025-01-15T00:34:58-08:00,0,13
style.css,34,css,6c489e70,selinaz154,2025-01-24,13:51:35,-08:00,2025-01-24T13:51:35-08:00,0,32
style.css,35,css,6c489e70,selinaz154,2025-01-24,13:51:35,-08:00,2025-01-24T13:51:35-08:00,0,24
style.css,36,css,a3572d75,selinaz154,2025-01-15,01:06:09,-08:00,2025-01-15T01:06:09-08:00,0,0
style.css,37,css,a3572d75,selinaz154,2025-01-15,01:06:09,-08:00,2025-01-15T01:06:09-08:00,0,24
style.css,38,css,a3572d75,selinaz154,2025-01-15,01:06:09,-08:00,2025-01-15T01:06:09-08:00,0,26
style.css,39,css,a3572d75,selinaz154,2025-01-15,01:06:09,-08:00,2025-01-15T01:06:09-08:00,0,42
style.css,40,css,7f44457c,selinaz154,2025-01-15,01:01:11,-08:00,2025-01-15T01:01:11-08:00,0,0
style.css,41,css,a3572d75,selinaz154,2025-01-15,01:06:09,-08:00,2025-01-15T01:06:09-08:00,0,0
style.css,42,css,7f44457c,selinaz154,2025-01-15,01:01:11,-08:00,2025-01-15T01:01:11-08:00,0,5
style.css,43,css,6c489e70,selinaz154,2025-01-24,13:51:35,-08:00,2025-01-24T13:51:35-08:00,0,6
style.css,44,css,9e95737d,selinaz154,2025-01-13,20:36:52,-08:00,2025-01-13T20:36:52-08:00,0,21
style.css,45,css,9e95737d,selinaz154,2025-01-13,20:36:52,-08:00,2025-01-13T20:36:52-08:00,0,14
style.css,46,css,9e95737d,selinaz154,2025-01-13,20:36:52,-08:00,2025-01-13T20:36:52-08:00,0,18
style.css,47,css,9e95737d,selinaz154,2025-01-13,20:36:52,-08:00,2025-01-13T20:36:52-08:00,0,14
style.css,48,css,6c489e70,selinaz154,2025-01-24,13:51:35,-08:00,2025-01-24T13:51:35-08:00,0,11
style.css,49,css,f28bf911,selinaz154,2025-01-15,01:20:02,-08:00,2025-01-15T01:20:02-08:00,0,43
style.css,50,css,9e95737d,selinaz154,2025-01-13,20:36:52,-08:00,2025-01-13T20:36:52-08:00,0,0
style.css,51,css,9e95737d,selinaz154,2025-01-13,20:36:52,-08:00,2025-01-13T20:36:52-08:00,0,0
style.css,52,css,2af04027,selinaz154,2025-01-15,12:38:49,-08:00,2025-01-15T12:38:49-08:00,0,12
style.css,53,css,bf63ae44,selinaz154,2025-01-16,21:12:56,-08:00,2025-01-16T21:12:56-08:00,0,34
style.css,54,css,8aecd498,selinaz154,2025-01-23,13:58:31,-08:00,2025-01-23T13:58:31-08:00,0,70
style.css,55,css,8aecd498,selinaz154,2025-01-23,13:58:31,-08:00,2025-01-23T13:58:31-08:00,0,66
style.css,56,css,2af04027,selinaz154,2025-01-15,12:38:49,-08:00,2025-01-15T12:38:49-08:00,0,0
style.css,57,css,fafe5307,selinaz154,2025-01-15,00:34:58,-08:00,2025-01-15T00:34:58-08:00,0,0
style.css,58,css,6c489e70,selinaz154,2025-01-24,13:51:35,-08:00,2025-01-24T13:51:35-08:00,0,9
style.css,59,css,6c489e70,selinaz154,2025-01-24,13:51:35,-08:00,2025-01-24T13:51:35-08:00,0,17
style.css,60,css,6c489e70,selinaz154,2025-01-24,13:51:35,-08:00,2025-01-24T13:51:35-08:00,0,46
style.css,61,css,6c489e70,selinaz154,2025-01-24,13:51:35,-08:00,2025-01-24T13:51:35-08:00,0,21
style.css,62,css,6c489e70,selinaz154,2025-01-24,13:51:35,-08:00,2025-01-24T13:51:35-08:00,0,0
style.css,63,css,6c489e70,selinaz154,2025-01-24,13:51:35,-08:00,2025-01-24T13:51:35-08:00,0,0
style.css,64,css,6c489e70,selinaz154,2025-01-24,13:51:35,-08:00,2025-01-24T13:51:35-08:00,0,13
style.css,65,css,6c489e70,selinaz154,2025-01-24,13:51:35,-08:00,2025-01-24T13:51:35-08:00,0,13
style.css,66,css,6c489e70,selinaz154,2025-01-24,13:51:35,-08:00,2025-01-24T13:51:35-08:00,0,30
style.css,67,css,6c489e70,selinaz154,2025-01-24,13:51:35,-08:00,2025-01-24T13:51:35-08:00,0,19
style.css,68,css,6c489e70,selinaz154,2025-01-24,13:51:35,-08:00,2025-01-24T13:51:35-08:00,0,8
style.css,69,css,6c489e70,selinaz154,2025-01-24,13:51:35,-08:00,2025-01-24T13:51:35-08:00,0,0
style.css,70,css,6c489e70,selinaz154,2025-01-24,13:51:35,-08:00,2025-01-24T13:51:35-08:00,0,0
style.css,71,css,96983bea,selinaz154,2025-01-13,22:07:22,-08:00,2025-01-13T22:07:22-08:00,0,11
style.css,72,css,c0817aa6,selinaz154,2025-01-17,13:51:09,-08:00,2025-01-17T13:51:09-08:00,0,4
style.css,73,css,c0817aa6,selinaz154,2025-01-17,13:51:09,-08:00,2025-01-17T13:51:09-08:00,0,13
style.css,74,css,c0817aa6,selinaz154,2025-01-17,13:51:09,-08:00,2025-01-17T13:51:09-08:00,0,31
style.css,75,css,c0817aa6,selinaz154,2025-01-17,13:51:09,-08:00,2025-01-17T13:51:09-08:00,0,8
style.css,76,css,6c489e70,selinaz154,2025-01-24,13:51:35,-08:00,2025-01-24T13:51:35-08:00,0,11
style.css,77,css,6c489e70,selinaz154,2025-01-24,13:51:35,-08:00,2025-01-24T13:51:35-08:00,0,13
style.css,78,css,c0817aa6,selinaz154,2025-01-17,13:51:09,-08:00,2025-01-17T13:51:09-08:00,0,0
style.css,79,css,c0817aa6,selinaz154,2025-01-17,13:51:09,-08:00,2025-01-17T13:51:09-08:00,0,0
style.css,80,css,6c489e70,selinaz154,2025-01-24,13:51:35,-08:00,2025-01-24T13:51:35-08:00,0,0
style.css,81,css,6c489e70,selinaz154,2025-01-24,13:51:35,-08:00,2025-01-24T13:51:35-08:00,0,0
style.css,82,css,8aecd498,selinaz154,2025-01-23,13:58:31,-08:00,2025-01-23T13:58:31-08:00,0,31
style.css,83,css,35403afc,selinaz154,2025-01-14,21:10:24,-08:00,2025-01-14T21:10:24-08:00,0,13
style.css,84,css,8aecd498,selinaz154,2025-01-23,13:58:31,-08:00,2025-01-23T13:58:31-08:00,0,14
style.css,85,css,ed03e673,selinaz154,2025-01-14,22:12:34,-08:00,2025-01-14T22:12:34-08:00,0,0
style.css,86,css,ed03e673,selinaz154,2025-01-14,22:12:34,-08:00,2025-01-14T22:12:34-08:00,0,0
style.css,87,css,c0817aa6,selinaz154,2025-01-17,13:51:09,-08:00,2025-01-17T13:51:09-08:00,0,6
style.css,88,css,35403afc,selinaz154,2025-01-14,21:10:24,-08:00,2025-01-14T21:10:24-08:00,0,13
style.css,89,css,35403afc,selinaz154,2025-01-14,21:10:24,-08:00,2025-01-14T21:10:24-08:00,0,30
style.css,90,css,35403afc,selinaz154,2025-01-14,21:10:24,-08:00,2025-01-14T21:10:24-08:00,0,19
style.css,91,css,c0817aa6,selinaz154,2025-01-17,13:51:09,-08:00,2025-01-17T13:51:09-08:00,0,0
style.css,92,css,c0817aa6,selinaz154,2025-01-17,13:51:09,-08:00,2025-01-17T13:51:09-08:00,0,0
style.css,93,css,c0817aa6,selinaz154,2025-01-17,13:51:09,-08:00,2025-01-17T13:51:09-08:00,0,0
style.css,94,css,6c489e70,selinaz154,2025-01-24,13:51:35,-08:00,2025-01-24T13:51:35-08:00,0,9
style.css,95,css,c0817aa6,selinaz154,2025-01-17,13:51:09,-08:00,2025-01-17T13:51:09-08:00,0,19
style.css,96,css,6c489e70,selinaz154,2025-01-24,13:51:35,-08:00,2025-01-24T13:51:35-08:00,0,3
style.css,97,css,5e0e33dc,selinaz154,2025-01-13,21:14:09,-08:00,2025-01-13T21:14:09-08:00,0,0
style.css,98,css,96983bea,selinaz154,2025-01-13,22:07:22,-08:00,2025-01-13T22:07:22-08:00,0,11
style.css,99,css,fa89dca5,selinaz154,2025-01-13,22:01:49,-08:00,2025-01-13T22:01:49-08:00,0,0
style.css,100,css,fa89dca5,selinaz154,2025-01-13,22:01:49,-08:00,2025-01-13T22:01:49-08:00,0,10
style.css,101,css,fa89dca5,selinaz154,2025-01-13,22:01:49,-08:00,2025-01-13T22:01:49-08:00,0,13
style.css,102,css,fa89dca5,selinaz154,2025-01-13,22:01:49,-08:00,2025-01-13T22:01:49-08:00,0,59
style.css,103,css,909d2ccf,selinaz154,2025-01-15,00:02:38,-08:00,2025-01-15T00:02:38-08:00,0,9
style.css,104,css,fa89dca5,selinaz154,2025-01-13,22:01:49,-08:00,2025-01-13T22:01:49-08:00,0,0
style.css,105,css,fa89dca5,selinaz154,2025-01-13,22:01:49,-08:00,2025-01-13T22:01:49-08:00,0,0
style.css,106,css,909d2ccf,selinaz154,2025-01-15,00:02:38,-08:00,2025-01-15T00:02:38-08:00,0,18
style.css,107,css,909d2ccf,selinaz154,2025-01-15,00:02:38,-08:00,2025-01-15T00:02:38-08:00,0,27
style.css,108,css,909d2ccf,selinaz154,2025-01-15,00:02:38,-08:00,2025-01-15T00:02:38-08:00,0,16
style.css,109,css,909d2ccf,selinaz154,2025-01-15,00:02:38,-08:00,2025-01-15T00:02:38-08:00,0,8
style.css,110,css,96983bea,selinaz154,2025-01-13,22:07:22,-08:00,2025-01-13T22:07:22-08:00,0,0
style.css,111,css,96983bea,selinaz154,2025-01-13,22:07:22,-08:00,2025-01-13T22:07:22-08:00,0,0
style.css,112,css,96983bea,selinaz154,2025-01-13,22:07:22,-08:00,2025-01-13T22:07:22-08:00,0,3
style.css,113,css,909d2ccf,selinaz154,2025-01-15,00:02:38,-08:00,2025-01-15T00:02:38-08:00,0,9
style.css,114,css,96983bea,selinaz154,2025-01-13,22:07:22,-08:00,2025-01-13T22:07:22-08:00,0,0
style.css,115,css,96983bea,selinaz154,2025-01-13,22:07:22,-08:00,2025-01-13T22:07:22-08:00,0,0
style.css,116,css,96983bea,selinaz154,2025-01-13,22:07:22,-08:00,2025-01-13T22:07:22-08:00,0,10
style.css,117,css,909d2ccf,selinaz154,2025-01-15,00:02:38,-08:00,2025-01-15T00:02:38-08:00,0,8
style.css,118,css,96983bea,selinaz154,2025-01-13,22:07:22,-08:00,2025-01-13T22:07:22-08:00,0,0
style.css,119,css,96983bea,selinaz154,2025-01-13,22:07:22,-08:00,2025-01-13T22:07:22-08:00,0,0
style.css,120,css,96983bea,selinaz154,2025-01-13,22:07:22,-08:00,2025-01-13T22:07:22-08:00,0,3
style.css,121,css,6c489e70,selinaz154,2025-01-24,13:51:35,-08:00,2025-01-24T13:51:35-08:00,0,15
style.css,122,css,96983bea,selinaz154,2025-01-13,22:07:22,-08:00,2025-01-13T22:07:22-08:00,0,0
style.css,123,css,96983bea,selinaz154,2025-01-13,22:07:22,-08:00,2025-01-13T22:07:22-08:00,0,0
style.css,124,css,96983bea,selinaz154,2025-01-13,22:07:22,-08:00,2025-01-13T22:07:22-08:00,0,3
style.css,125,css,6c489e70,selinaz154,2025-01-24,13:51:35,-08:00,2025-01-24T13:51:35-08:00,0,20
style.css,126,css,6c489e70,selinaz154,2025-01-24,13:51:35,-08:00,2025-01-24T13:51:35-08:00,0,9
style.css,127,css,96983bea,selinaz154,2025-01-13,22:07:22,-08:00,2025-01-13T22:07:22-08:00,0,0
style.css,128,css,96983bea,selinaz154,2025-01-13,22:07:22,-08:00,2025-01-13T22:07:22-08:00,0,0
style.css,129,css,96983bea,selinaz154,2025-01-13,22:07:22,-08:00,2025-01-13T22:07:22-08:00,0,23
style.css,130,css,96983bea,selinaz154,2025-01-13,22:07:22,-08:00,2025-01-13T22:07:22-08:00,0,16
style.css,131,css,909d2ccf,selinaz154,2025-01-15,00:02:38,-08:00,2025-01-15T00:02:38-08:00,0,18
style.css,132,css,6c489e70,selinaz154,2025-01-24,13:51:35,-08:00,2025-01-24T13:51:35-08:00,0,0
style.css,133,css,6c489e70,selinaz154,2025-01-24,13:51:35,-08:00,2025-01-24T13:51:35-08:00,0,0
style.css,134,css,6c489e70,selinaz154,2025-01-24,13:51:35,-08:00,2025-01-24T13:51:35-08:00,0,0
style.css,135,css,6c489e70,selinaz154,2025-01-24,13:51:35,-08:00,2025-01-24T13:51:35-08:00,0,7
style.css,136,css,6c489e70,selinaz154,2025-01-24,13:51:35,-08:00,2025-01-24T13:51:35-08:00,0,30
style.css,137,css,6c489e70,selinaz154,2025-01-24,13:51:35,-08:00,2025-01-24T13:51:35-08:00,0,9
style.css,138,css,6c489e70,selinaz154,2025-01-24,13:51:35,-08:00,2025-01-24T13:51:35-08:00,0,13
style.css,139,css,cfe65d78,selinaz154,2025-01-15,00:53:02,-08:00,2025-01-15T00:53:02-08:00,0,0
style.css,140,css,cfe65d78,selinaz154,2025-01-15,00:53:02,-08:00,2025-01-15T00:53:02-08:00,0,0
style.css,141,css,cfe65d78,selinaz154,2025-01-15,00:53:02,-08:00,2025-01-15T00:53:02-08:00,0,0
style.css,142,css,cfe65d78,selinaz154,2025-01-15,00:53:02,-08:00,2025-01-15T00:53:02-08:00,0,11
style.css,143,css,3ceb368b,selinaz154,2025-01-15,22:08:56,-08:00,2025-01-15T22:08:56-08:00,0,8
style.css,144,css,cfe65d78,selinaz154,2025-01-15,00:53:02,-08:00,2025-01-15T00:53:02-08:00,0,32
style.css,145,css,cfe65d78,selinaz154,2025-01-15,00:53:02,-08:00,2025-01-15T00:53:02-08:00,0,11
style.css,146,css,cfe65d78,selinaz154,2025-01-15,00:53:02,-08:00,2025-01-15T00:53:02-08:00,0,25
style.css,147,css,cfe65d78,selinaz154,2025-01-15,00:53:02,-08:00,2025-01-15T00:53:02-08:00,0,16
style.css,148,css,3ceb368b,selinaz154,2025-01-15,22:08:56,-08:00,2025-01-15T22:08:56-08:00,0,3
style.css,149,css,cfe65d78,selinaz154,2025-01-15,00:53:02,-08:00,2025-01-15T00:53:02-08:00,0,0
style.css,150,css,e3aec25c,selinaz154,2025-01-17,15:12:42,-08:00,2025-01-17T15:12:42-08:00,0,0
style.css,151,css,6c489e70,selinaz154,2025-01-24,13:51:35,-08:00,2025-01-24T13:51:35-08:00,0,10
style.css,152,css,e3aec25c,selinaz154,2025-01-17,15:12:42,-08:00,2025-01-17T15:12:42-08:00,0,30
style.css,153,css,6c489e70,selinaz154,2025-01-24,13:51:35,-08:00,2025-01-24T13:51:35-08:00,0,9
style.css,154,css,e3aec25c,selinaz154,2025-01-17,15:12:42,-08:00,2025-01-17T15:12:42-08:00,0,13
style.css,155,css,2f77146d,selinaz154,2025-01-17,14:04:42,-08:00,2025-01-17T14:04:42-08:00,0,0
style.css,156,css,3250d914,selinaz154,2025-01-15,01:33:36,-08:00,2025-01-15T01:33:36-08:00,0,0
style.css,157,css,e3aec25c,selinaz154,2025-01-17,15:12:42,-08:00,2025-01-17T15:12:42-08:00,0,7
style.css,158,css,8aecd498,selinaz154,2025-01-23,13:58:31,-08:00,2025-01-23T13:58:31-08:00,0,0
style.css,159,css,6c489e70,selinaz154,2025-01-24,13:51:35,-08:00,2025-01-24T13:51:35-08:00,0,19
style.css,160,css,8aecd498,selinaz154,2025-01-23,13:58:31,-08:00,2025-01-23T13:58:31-08:00,0,0
style.css,161,css,8aecd498,selinaz154,2025-01-23,13:58:31,-08:00,2025-01-23T13:58:31-08:00,0,0
style.css,162,css,8aecd498,selinaz154,2025-01-23,13:58:31,-08:00,2025-01-23T13:58:31-08:00,0,0
style.css,163,css,8aecd498,selinaz154,2025-01-23,13:58:31,-08:00,2025-01-23T13:58:31-08:00,0,11
style.css,164,css,6c489e70,selinaz154,2025-01-24,13:51:35,-08:00,2025-01-24T13:51:35-08:00,0,21
style.css,165,css,e3aec25c,selinaz154,2025-01-17,15:12:42,-08:00,2025-01-17T15:12:42-08:00,0,0
style.css,166,css,8aecd498,selinaz154,2025-01-23,13:58:31,-08:00,2025-01-23T13:58:31-08:00,0,0
style.css,167,css,cfe65d78,selinaz154,2025-01-15,00:53:02,-08:00,2025-01-15T00:53:02-08:00,0,11
style.css,168,css,cfe65d78,selinaz154,2025-01-15,00:53:02,-08:00,2025-01-15T00:53:02-08:00,0,17
style.css,169,css,cfe65d78,selinaz154,2025-01-15,00:53:02,-08:00,2025-01-15T00:53:02-08:00,0,0
style.css,170,css,cfe65d78,selinaz154,2025-01-15,00:53:02,-08:00,2025-01-15T00:53:02-08:00,0,0
style.css,171,css,cfe65d78,selinaz154,2025-01-15,00:53:02,-08:00,2025-01-15T00:53:02-08:00,0,3
style.css,172,css,cfe65d78,selinaz154,2025-01-15,00:53:02,-08:00,2025-01-15T00:53:02-08:00,0,15
style.css,173,css,cfe65d78,selinaz154,2025-01-15,00:53:02,-08:00,2025-01-15T00:53:02-08:00,0,0
style.css,174,css,cfe65d78,selinaz154,2025-01-15,00:53:02,-08:00,2025-01-15T00:53:02-08:00,0,0
style.css,175,css,cfe65d78,selinaz154,2025-01-15,00:53:02,-08:00,2025-01-15T00:53:02-08:00,0,3
style.css,176,css,cfe65d78,selinaz154,2025-01-15,00:53:02,-08:00,2025-01-15T00:53:02-08:00,0,15
style.css,177,css,cfe65d78,selinaz154,2025-01-15,00:53:02,-08:00,2025-01-15T00:53:02-08:00,0,16
style.css,178,css,cfe65d78,selinaz154,2025-01-15,00:53:02,-08:00,2025-01-15T00:53:02-08:00,0,20
style.css,179,css,cfe65d78,selinaz154,2025-01-15,00:53:02,-08:00,2025-01-15T00:53:02-08:00,0,29
style.css,180,css,cfe65d78,selinaz154,2025-01-15,00:53:02,-08:00,2025-01-15T00:53:02-08:00,0,0
style.css,181,css,cfe65d78,selinaz154,2025-01-15,00:53:02,-08:00,2025-01-15T00:53:02-08:00,0,0
style.css,182,css,cfe65d78,selinaz154,2025-01-15,00:53:02,-08:00,2025-01-15T00:53:02-08:00,0,6
style.css,183,css,cfe65d78,selinaz154,2025-01-15,00:53:02,-08:00,2025-01-15T00:53:02-08:00,0,15
style.css,184,css,cfe65d78,selinaz154,2025-01-15,00:53:02,-08:00,2025-01-15T00:53:02-08:00,0,0
style.css,185,css,cfe65d78,selinaz154,2025-01-15,00:53:02,-08:00,2025-01-15T00:53:02-08:00,0,0
style.css,186,css,cfe65d78,selinaz154,2025-01-15,00:53:02,-08:00,2025-01-15T00:53:02-08:00,0,9
style.css,187,css,cfe65d78,selinaz154,2025-01-15,00:53:02,-08:00,2025-01-15T00:53:02-08:00,0,13
style.css,188,css,cfe65d78,selinaz154,2025-01-15,00:53:02,-08:00,2025-01-15T00:53:02-08:00,0,16
style.css,189,css,cfe65d78,selinaz154,2025-01-15,00:53:02,-08:00,2025-01-15T00:53:02-08:00,0,37
style.css,190,css,6c489e70,selinaz154,2025-01-24,13:51:35,-08:00,2025-01-24T13:51:35-08:00,0,3
style.css,191,css,8aecd498,selinaz154,2025-01-23,13:58:31,-08:00,2025-01-23T13:58:31-08:00,0,0
style.css,192,css,8aecd498,selinaz154,2025-01-23,13:58:31,-08:00,2025-01-23T13:58:31-08:00,0,17
style.css,193,css,8aecd498,selinaz154,2025-01-23,13:58:31,-08:00,2025-01-23T13:58:31-08:00,0,0
style.css,194,css,8aecd498,selinaz154,2025-01-23,13:58:31,-08:00,2025-01-23T13:58:31-08:00,0,14
style.css,195,css,8aecd498,selinaz154,2025-01-23,13:58:31,-08:00,2025-01-23T13:58:31-08:00,0,18
style.css,196,css,8aecd498,selinaz154,2025-01-23,13:58:31,-08:00,2025-01-23T13:58:31-08:00,0,9
style.css,197,css,8aecd498,selinaz154,2025-01-23,13:58:31,-08:00,2025-01-23T13:58:31-08:00,0,11
style.css,198,css,6c489e70,selinaz154,2025-01-24,13:51:35,-08:00,2025-01-24T13:51:35-08:00,0,13
style.css,199,css,8aecd498,selinaz154,2025-01-23,13:58:31,-08:00,2025-01-23T13:58:31-08:00,0,37
style.css,200,css,b3f5e9b9,selinaz154,2025-01-30,23:37:43,-08:00,2025-01-30T23:37:43-08:00,0,0
style.css,201,css,b3f5e9b9,selinaz154,2025-01-30,23:37:43,-08:00,2025-01-30T23:37:43-08:00,0,0
style.css,202,css,b3f5e9b9,selinaz154,2025-01-30,23:37:43,-08:00,2025-01-30T23:37:43-08:00,0,0
style.css,203,css,b3f5e9b9,selinaz154,2025-01-30,23:37:43,-08:00,2025-01-30T23:37:43-08:00,0,9
style.css,204,css,b3f5e9b9,selinaz154,2025-01-30,23:37:43,-08:00,2025-01-30T23:37:43-08:00,0,0
style.css,205,css,b3f5e9b9,selinaz154,2025-01-30,23:37:43,-08:00,2025-01-30T23:37:43-08:00,0,0
style.css,206,css,b3f5e9b9,selinaz154,2025-01-30,23:37:43,-08:00,2025-01-30T23:37:43-08:00,0,15
style.css,207,css,b3f5e9b9,selinaz154,2025-01-30,23:37:43,-08:00,2025-01-30T23:37:43-08:00,0,13
style.css,208,css,9dd44b33,selinaz154,2025-01-31,13:30:07,-08:00,2025-01-31T13:30:07-08:00,0,30
style.css,209,css,b3f5e9b9,selinaz154,2025-01-30,23:37:43,-08:00,2025-01-30T23:37:43-08:00,0,25
style.css,210,css,b3f5e9b9,selinaz154,2025-01-30,23:37:43,-08:00,2025-01-30T23:37:43-08:00,0,0
style.css,211,css,b3f5e9b9,selinaz154,2025-01-30,23:37:43,-08:00,2025-01-30T23:37:43-08:00,0,0
style.css,212,css,357ec92e,selinaz154,2025-02-07,21:47:56,-08:00,2025-02-07T21:47:56-08:00,0,0
style.css,213,css,b3f5e9b9,selinaz154,2025-01-30,23:37:43,-08:00,2025-01-30T23:37:43-08:00,0,17
style.css,214,css,b3f5e9b9,selinaz154,2025-01-30,23:37:43,-08:00,2025-01-30T23:37:43-08:00,0,15
style.css,215,css,b3f5e9b9,selinaz154,2025-01-30,23:37:43,-08:00,2025-01-30T23:37:43-08:00,0,17
style.css,216,css,b3f5e9b9,selinaz154,2025-01-30,23:37:43,-08:00,2025-01-30T23:37:43-08:00,0,0
style.css,217,css,b3f5e9b9,selinaz154,2025-01-30,23:37:43,-08:00,2025-01-30T23:37:43-08:00,0,0
style.css,218,css,b3f5e9b9,selinaz154,2025-01-30,23:37:43,-08:00,2025-01-30T23:37:43-08:00,0,0
style.css,219,css,b3f5e9b9,selinaz154,2025-01-30,23:37:43,-08:00,2025-01-30T23:37:43-08:00,0,18
style.css,220,css,b3f5e9b9,selinaz154,2025-01-30,23:37:43,-08:00,2025-01-30T23:37:43-08:00,0,13
style.css,221,css,b3f5e9b9,selinaz154,2025-01-30,23:37:43,-08:00,2025-01-30T23:37:43-08:00,0,33
style.css,222,css,b3f5e9b9,selinaz154,2025-01-30,23:37:43,-08:00,2025-01-30T23:37:43-08:00,0,25
style.css,223,css,b3f5e9b9,selinaz154,2025-01-30,23:37:43,-08:00,2025-01-30T23:37:43-08:00,0,0
style.css,224,css,b3f5e9b9,selinaz154,2025-01-30,23:37:43,-08:00,2025-01-30T23:37:43-08:00,0,0
style.css,225,css,b3f5e9b9,selinaz154,2025-01-30,23:37:43,-08:00,2025-01-30T23:37:43-08:00,0,37
style.css,226,css,b3f5e9b9,selinaz154,2025-01-30,23:37:43,-08:00,2025-01-30T23:37:43-08:00,0,8
style.css,227,css,b3f5e9b9,selinaz154,2025-01-30,23:37:43,-08:00,2025-01-30T23:37:43-08:00,0,18
style.css,228,css,b3f5e9b9,selinaz154,2025-01-30,23:37:43,-08:00,2025-01-30T23:37:43-08:00,0,0
style.css,229,css,b3f5e9b9,selinaz154,2025-01-30,23:37:43,-08:00,2025-01-30T23:37:43-08:00,0,0
style.css,230,css,b3f5e9b9,selinaz154,2025-01-30,23:37:43,-08:00,2025-01-30T23:37:43-08:00,0,18
style.css,231,css,b3f5e9b9,selinaz154,2025-01-30,23:37:43,-08:00,2025-01-30T23:37:43-08:00,0,11
style.css,232,css,b3f5e9b9,selinaz154,2025-01-30,23:37:43,-08:00,2025-01-30T23:37:43-08:00,0,0
style.css,233,css,b3f5e9b9,selinaz154,2025-01-30,23:37:43,-08:00,2025-01-30T23:37:43-08:00,0,0
style.css,234,css,b3f5e9b9,selinaz154,2025-01-30,23:37:43,-08:00,2025-01-30T23:37:43-08:00,0,0
style.css,235,css,b3f5e9b9,selinaz154,2025-01-30,23:37:43,-08:00,2025-01-30T23:37:43-08:00,0,18
style.css,236,css,b3f5e9b9,selinaz154,2025-01-30,23:37:43,-08:00,2025-01-30T23:37:43-08:00,0,11
style.css,237,css,b3f5e9b9,selinaz154,2025-01-30,23:37:43,-08:00,2025-01-30T23:37:43-08:00,0,9
style.css,238,css,b3f5e9b9,selinaz154,2025-01-30,23:37:43,-08:00,2025-01-30T23:37:43-08:00,0,0
style.css,239,css,b3f5e9b9,selinaz154,2025-01-30,23:37:43,-08:00,2025-01-30T23:37:43-08:00,0,0
style.css,240,css,b3f5e9b9,selinaz154,2025-01-30,23:37:43,-08:00,2025-01-30T23:37:43-08:00,0,8
style.css,241,css,b3f5e9b9,selinaz154,2025-01-30,23:37:43,-08:00,2025-01-30T23:37:43-08:00,0,12
style.css,242,css,a9e7f20e,selinaz154,2025-02-07,15:21:45,-08:00,2025-02-07T15:21:45-08:00,0,0
style.css,243,css,a9e7f20e,selinaz154,2025-02-07,15:21:45,-08:00,2025-02-07T15:21:45-08:00,0,0
style.css,244,css,a9e7f20e,selinaz154,2025-02-07,15:21:45,-08:00,2025-02-07T15:21:45-08:00,0,10
style.css,245,css,a9e7f20e,selinaz154,2025-02-07,15:21:45,-08:00,2025-02-07T15:21:45-08:00,0,0
style.css,246,css,a9e7f20e,selinaz154,2025-02-07,15:21:45,-08:00,2025-02-07T15:21:45-08:00,0,19
style.css,247,css,a9e7f20e,selinaz154,2025-02-07,15:21:45,-08:00,2025-02-07T15:21:45-08:00,0,15
style.css,248,css,a9e7f20e,selinaz154,2025-02-07,15:21:45,-08:00,2025-02-07T15:21:45-08:00,0,17
style.css,249,css,a9e7f20e,selinaz154,2025-02-07,15:21:45,-08:00,2025-02-07T15:21:45-08:00,0,0
style.css,250,css,a9e7f20e,selinaz154,2025-02-07,15:21:45,-08:00,2025-02-07T15:21:45-08:00,0,17
style.css,251,css,357ec92e,selinaz154,2025-02-07,21:47:56,-08:00,2025-02-07T21:47:56-08:00,0,0
style.css,252,css,357ec92e,selinaz154,2025-02-07,21:47:56,-08:00,2025-02-07T21:47:56-08:00,0,0
style.css,253,css,357ec92e,selinaz154,2025-02-07,21:47:56,-08:00,2025-02-07T21:47:56-08:00,0,0
style.css,254,css,357ec92e,selinaz154,2025-02-07,21:47:56,-08:00,2025-02-07T21:47:56-08:00,0,8
style.css,255,css,357ec92e,selinaz154,2025-02-07,21:47:56,-08:00,2025-02-07T21:47:56-08:00,0,18
style.css,256,css,357ec92e,selinaz154,2025-02-07,21:47:56,-08:00,2025-02-07T21:47:56-08:00,0,17
style.css,257,css,357ec92e,selinaz154,2025-02-07,21:47:56,-08:00,2025-02-07T21:47:56-08:00,0,12
style.css,258,css,357ec92e,selinaz154,2025-02-07,21:47:56,-08:00,2025-02-07T21:47:56-08:00,0,0
style.css,259,css,357ec92e,selinaz154,2025-02-07,21:47:56,-08:00,2025-02-07T21:47:56-08:00,0,0
style.css,260,css,357ec92e,selinaz154,2025-02-07,21:47:56,-08:00,2025-02-07T21:47:56-08:00,0,0
style.css,261,css,357ec92e,selinaz154,2025-02-07,21:47:56,-08:00,2025-02-07T21:47:56-08:00,0,5
style.css,262,css,357ec92e,selinaz154,2025-02-07,21:47:56,-08:00,2025-02-07T21:47:56-08:00,0,17
style.css,263,css,357ec92e,selinaz154,2025-02-07,21:47:56,-08:00,2025-02-07T21:47:56-08:00,0,0
style.css,264,css,357ec92e,selinaz154,2025-02-07,21:47:56,-08:00,2025-02-07T21:47:56-08:00,0,0
style.css,265,css,357ec92e,selinaz154,2025-02-07,21:47:56,-08:00,2025-02-07T21:47:56-08:00,0,11
style.css,266,css,357ec92e,selinaz154,2025-02-07,21:47:56,-08:00,2025-02-07T21:47:56-08:00,0,31
style.css,267,css,357ec92e,selinaz154,2025-02-07,21:47:56,-08:00,2025-02-07T21:47:56-08:00,0,67
style.css,268,css,357ec92e,selinaz154,2025-02-07,21:47:56,-08:00,2025-02-07T21:47:56-08:00,0,51
style.css,269,css,357ec92e,selinaz154,2025-02-07,21:47:56,-08:00,2025-02-07T21:47:56-08:00,0,55
style.css,270,css,357ec92e,selinaz154,2025-02-07,21:47:56,-08:00,2025-02-07T21:47:56-08:00,0,28
style.css,271,css,357ec92e,selinaz154,2025-02-07,21:47:56,-08:00,2025-02-07T21:47:56-08:00,0,0
style.css,272,css,357ec92e,selinaz154,2025-02-07,21:47:56,-08:00,2025-02-07T21:47:56-08:00,0,0
style.css,273,css,357ec92e,selinaz154,2025-02-07,21:47:56,-08:00,2025-02-07T21:47:56-08:00,0,32
style.css,274,css,357ec92e,selinaz154,2025-02-07,21:47:56,-08:00,2025-02-07T21:47:56-08:00,0,15
style.css,275,css,357ec92e,selinaz154,2025-02-07,21:47:56,-08:00,2025-02-07T21:47:56-08:00,0,54
style.css,276,css,357ec92e,selinaz154,2025-02-07,21:47:56,-08:00,2025-02-07T21:47:56-08:00,0,40
style.css,277,css,357ec92e,selinaz154,2025-02-07,21:47:56,-08:00,2025-02-07T21:47:56-08:00,0,13
style.css,278,css,357ec92e,selinaz154,2025-02-07,21:47:56,-08:00,2025-02-07T21:47:56-08:00,0,0
style.css,279,css,357ec92e,selinaz154,2025-02-07,21:47:56,-08:00,2025-02-07T21:47:56-08:00,0,0
style.css,280,css,357ec92e,selinaz154,2025-02-07,21:47:56,-08:00,2025-02-07T21:47:56-08:00,0,8
style.css,281,css,357ec92e,selinaz154,2025-02-07,21:47:56,-08:00,2025-02-07T21:47:56-08:00,0,13
style.css,282,css,357ec92e,selinaz154,2025-02-07,21:47:56,-08:00,2025-02-07T21:47:56-08:00,0,7
style.css,283,css,357ec92e,selinaz154,2025-02-07,21:47:56,-08:00,2025-02-07T21:47:56-08:00,0,14
style.css,284,css,357ec92e,selinaz154,2025-02-07,21:47:56,-08:00,2025-02-07T21:47:56-08:00,0,16
style.css,285,css,357ec92e,selinaz154,2025-02-07,21:47:56,-08:00,2025-02-07T21:47:56-08:00,0,12
style.css,286,css,357ec92e,selinaz154,2025-02-07,21:47:56,-08:00,2025-02-07T21:47:56-08:00,0,34
style.css,287,css,357ec92e,selinaz154,2025-02-07,21:47:56,-08:00,2025-02-07T21:47:56-08:00,0,18
style.css,288,css,357ec92e,selinaz154,2025-02-07,21:47:56,-08:00,2025-02-07T21:47:56-08:00,0,58
style.css,289,css,357ec92e,selinaz154,2025-02-07,21:47:56,-08:00,2025-02-07T21:47:56-08:00,0,8
style.css,290,css,357ec92e,selinaz154,2025-02-07,21:47:56,-08:00,2025-02-07T21:47:56-08:00,0,0
style.css,291,css,357ec92e,selinaz154,2025-02-07,21:47:56,-08:00,2025-02-07T21:47:56-08:00,0,0
style.css,292,css,357ec92e,selinaz154,2025-02-07,21:47:56,-08:00,2025-02-07T21:47:56-08:00,0,0
style.css,293,css,357ec92e,selinaz154,2025-02-07,21:47:56,-08:00,2025-02-07T21:47:56-08:00,0,11
style.css,294,css,357ec92e,selinaz154,2025-02-07,21:47:56,-08:00,2025-02-07T21:47:56-08:00,0,13
style.css,295,css,357ec92e,selinaz154,2025-02-07,21:47:56,-08:00,2025-02-07T21:47:56-08:00,0,19
style.css,296,css,357ec92e,selinaz154,2025-02-07,21:47:56,-08:00,2025-02-07T21:47:56-08:00,0,8
style.css,297,css,357ec92e,selinaz154,2025-02-07,21:47:56,-08:00,2025-02-07T21:47:56-08:00,0,13
style.css,298,css,357ec92e,selinaz154,2025-02-07,21:47:56,-08:00,2025-02-07T21:47:56-08:00,0,0
style.css,299,css,357ec92e,selinaz154,2025-02-07,21:47:56,-08:00,2025-02-07T21:47:56-08:00,0,0
style.css,300,css,357ec92e,selinaz154,2025-02-07,21:47:56,-08:00,2025-02-07T21:47:56-08:00,0,19
style.css,301,css,357ec92e,selinaz154,2025-02-07,21:47:56,-08:00,2025-02-07T21:47:56-08:00,0,21
style.css,302,css,357ec92e,selinaz154,2025-02-07,21:47:56,-08:00,2025-02-07T21:47:56-08:00,0,11
style.css,303,css,357ec92e,selinaz154,2025-02-07,21:47:56,-08:00,2025-02-07T21:47:56-08:00,0,12
style.css,304,css,357ec92e,selinaz154,2025-02-07,21:47:56,-08:00,2025-02-07T21:47:56-08:00,0,30
style.css,305,css,357ec92e,selinaz154,2025-02-07,21:47:56,-08:00,2025-02-07T21:47:56-08:00,0,18
style.css,306,css,357ec92e,selinaz154,2025-02-07,21:47:56,-08:00,2025-02-07T21:47:56-08:00,0,0
style.css,307,css,357ec92e,selinaz154,2025-02-07,21:47:56,-08:00,2025-02-07T21:47:56-08:00,0,0
style.css,308,css,357ec92e,selinaz154,2025-02-07,21:47:56,-08:00,2025-02-07T21:47:56-08:00,0,0
style.css,309,css,357ec92e,selinaz154,2025-02-07,21:47:56,-08:00,2025-02-07T21:47:56-08:00,0,13
style.css,310,css,357ec92e,selinaz154,2025-02-07,21:47:56,-08:00,2025-02-07T21:47:56-08:00,0,13
style.css,311,css,357ec92e,selinaz154,2025-02-07,21:47:56,-08:00,2025-02-07T21:47:56-08:00,0,19
style.css,312,css,357ec92e,selinaz154,2025-02-07,21:47:56,-08:00,2025-02-07T21:47:56-08:00,0,11
style.css,313,css,357ec92e,selinaz154,2025-02-07,21:47:56,-08:00,2025-02-07T21:47:56-08:00,0,15
style.css,314,css,357ec92e,selinaz154,2025-02-07,21:47:56,-08:00,2025-02-07T21:47:56-08:00,0,0
style.css,315,css,357ec92e,selinaz154,2025-02-07,21:47:56,-08:00,2025-02-07T21:47:56-08:00,0,0
style.css,316,css,357ec92e,selinaz154,2025-02-07,21:47:56,-08:00,2025-02-07T21:47:56-08:00,0,11
style.css,317,css,357ec92e,selinaz154,2025-02-07,21:47:56,-08:00,2025-02-07T21:47:56-08:00,0,53
style.css,318,css,357ec92e,selinaz154,2025-02-07,21:47:56,-08:00,2025-02-07T21:47:56-08:00,0,48
style.css,319,css,357ec92e,selinaz154,2025-02-07,21:47:56,-08:00,2025-02-07T21:47:56-08:00,0,57
style.css,320,css,357ec92e,selinaz154,2025-02-07,21:47:56,-08:00,2025-02-07T21:47:56-08:00,0,41
style.css,321,css,357ec92e,selinaz154,2025-02-07,21:47:56,-08:00,2025-02-07T21:47:56-08:00,0,47
style.css,322,css,357ec92e,selinaz154,2025-02-07,21:47:56,-08:00,2025-02-07T21:47:56-08:00,0,72
style.css,323,css,8aecd498,selinaz154,2025-01-23,13:58:31,-08:00,2025-01-23T13:58:31-08:00,0,0
index.js,1,js,9dd44b33,selinaz154,2025-01-31,13:30:07,-08:00,2025-01-31T13:30:07-08:00,0,72
index.js,2,js,b3f5e9b9,selinaz154,2025-01-30,23:37:43,-08:00,2025-01-30T23:37:43-08:00,0,76
index.js,3,js,4d6f8c93,selinaz154,2025-01-30,18:00:26,-08:00,2025-01-30T18:00:26-08:00,0,0
index.js,4,js,ea9134a1,selinaz154,2025-01-31,13:03:04,-08:00,2025-01-31T13:03:04-08:00,0,55
index.js,5,js,4d6f8c93,selinaz154,2025-01-30,18:00:26,-08:00,2025-01-30T18:00:26-08:00,0,43
index.js,6,js,71152c6a,selinaz154,2025-01-30,20:01:24,-08:00,2025-01-30T20:01:24-08:00,0,27
index.js,7,js,4d6f8c93,selinaz154,2025-01-30,18:00:26,-08:00,2025-01-30T18:00:26-08:00,0,61
index.js,8,js,4d6f8c93,selinaz154,2025-01-30,18:00:26,-08:00,2025-01-30T18:00:26-08:00,0,0
index.js,9,js,4d6f8c93,selinaz154,2025-01-30,18:00:26,-08:00,2025-01-30T18:00:26-08:00,0,55
index.js,10,js,4d6f8c93,selinaz154,2025-01-30,18:00:26,-08:00,2025-01-30T18:00:26-08:00,0,0
index.js,11,js,4d6f8c93,selinaz154,2025-01-30,18:00:26,-08:00,2025-01-30T18:00:26-08:00,0,4
index.js,12,js,b3f5e9b9,selinaz154,2025-01-30,23:37:43,-08:00,2025-01-30T23:37:43-08:00,0,0
index.js,13,js,9dd44b33,selinaz154,2025-01-31,13:30:07,-08:00,2025-01-31T13:30:07-08:00,0,48
index.js,14,js,b3f5e9b9,selinaz154,2025-01-30,23:37:43,-08:00,2025-01-30T23:37:43-08:00,0,54
index.js,15,js,4d6f8c93,selinaz154,2025-01-30,18:00:26,-08:00,2025-01-30T18:00:26-08:00,0,61
index.js,16,js,b3f5e9b9,selinaz154,2025-01-30,23:37:43,-08:00,2025-01-30T23:37:43-08:00,0,0
index.js,17,js,4d6f8c93,selinaz154,2025-01-30,18:00:26,-08:00,2025-01-30T18:00:26-08:00,0,0
index.js,18,js,4d6f8c93,selinaz154,2025-01-30,18:00:26,-08:00,2025-01-30T18:00:26-08:00,0,21
index.js,19,js,b3f5e9b9,selinaz154,2025-01-30,23:37:43,-08:00,2025-01-30T23:37:43-08:00,0,18
index.js,20,js,b3f5e9b9,selinaz154,2025-01-30,23:37:43,-08:00,2025-01-30T23:37:43-08:00,0,25
index.js,21,js,b3f5e9b9,selinaz154,2025-01-30,23:37:43,-08:00,2025-01-30T23:37:43-08:00,0,30
index.js,22,js,b3f5e9b9,selinaz154,2025-01-30,23:37:43,-08:00,2025-01-30T23:37:43-08:00,0,3
index.js,23,js,b3f5e9b9,selinaz154,2025-01-30,23:37:43,-08:00,2025-01-30T23:37:43-08:00,0,50
index.js,24,js,b3f5e9b9,selinaz154,2025-01-30,23:37:43,-08:00,2025-01-30T23:37:43-08:00,0,50
index.js,25,js,b3f5e9b9,selinaz154,2025-01-30,23:37:43,-08:00,2025-01-30T23:37:43-08:00,0,56
index.js,26,js,b3f5e9b9,selinaz154,2025-01-30,23:37:43,-08:00,2025-01-30T23:37:43-08:00,0,56
index.js,27,js,b3f5e9b9,selinaz154,2025-01-30,23:37:43,-08:00,2025-01-30T23:37:43-08:00,0,4
index.js,28,js,b3f5e9b9,selinaz154,2025-01-30,23:37:43,-08:00,2025-01-30T23:37:43-08:00,0,1
index.js,29,js,b3f5e9b9,selinaz154,2025-01-30,23:37:43,-08:00,2025-01-30T23:37:43-08:00,0,0
index.html,1,html,c970c0a7,selinaz154,2025-01-06,14:18:50,-08:00,2025-01-06T14:18:50-08:00,0,14
index.html,2,html,8aecd498,selinaz154,2025-01-23,13:58:31,-08:00,2025-01-23T13:58:31-08:00,0,30
index.html,3,html,c970c0a7,selinaz154,2025-01-06,14:18:50,-08:00,2025-01-06T14:18:50-08:00,0,5
index.html,4,html,c970c0a7,selinaz154,2025-01-06,14:18:50,-08:00,2025-01-06T14:18:50-08:00,0,21
index.html,5,html,c970c0a7,selinaz154,2025-01-06,14:18:50,-08:00,2025-01-06T14:18:50-08:00,0,69
index.html,6,html,c970c0a7,selinaz154,2025-01-06,14:18:50,-08:00,2025-01-06T14:18:50-08:00,0,56
index.html,7,html,96f116fd,selinaz154,2025-01-13,20:57:57,-08:00,2025-01-13T20:57:57-08:00,0,41
index.html,8,html,8aecd498,selinaz154,2025-01-23,13:58:31,-08:00,2025-01-23T13:58:31-08:00,0,50
index.html,9,html,8aecd498,selinaz154,2025-01-23,13:58:31,-08:00,2025-01-23T13:58:31-08:00,0,0
index.html,10,html,8aecd498,selinaz154,2025-01-23,13:58:31,-08:00,2025-01-23T13:58:31-08:00,0,32
index.html,11,html,8aecd498,selinaz154,2025-01-23,13:58:31,-08:00,2025-01-23T13:58:31-08:00,0,7
index.html,12,html,8aecd498,selinaz154,2025-01-23,13:58:31,-08:00,2025-01-23T13:58:31-08:00,0,7
index.html,13,html,8aecd498,selinaz154,2025-01-23,13:58:31,-08:00,2025-01-23T13:58:31-08:00,0,8
index.html,14,html,8aecd498,selinaz154,2025-01-23,13:58:31,-08:00,2025-01-23T13:58:31-08:00,0,8
index.html,15,html,8aecd498,selinaz154,2025-01-23,13:58:31,-08:00,2025-01-23T13:58:31-08:00,0,11
index.html,16,html,8aecd498,selinaz154,2025-01-23,13:58:31,-08:00,2025-01-23T13:58:31-08:00,0,0
index.html,17,html,c970c0a7,selinaz154,2025-01-06,14:18:50,-08:00,2025-01-06T14:18:50-08:00,0,6
index.html,18,html,2e205161,selinaz154,2025-01-08,14:53:10,-08:00,2025-01-08T14:53:10-08:00,0,0
index.html,19,html,c970c0a7,selinaz154,2025-01-06,14:18:50,-08:00,2025-01-06T14:18:50-08:00,0,5
index.html,20,html,8aecd498,selinaz154,2025-01-23,13:58:31,-08:00,2025-01-23T13:58:31-08:00,0,0
index.html,21,html,8aecd498,selinaz154,2025-01-23,13:58:31,-08:00,2025-01-23T13:58:31-08:00,0,12
index.html,22,html,6c0e3832,selinaz154,2025-01-09,00:13:51,-08:00,2025-01-09T00:13:51-08:00,0,4
index.html,23,html,6c0e3832,selinaz154,2025-01-09,00:13:51,-08:00,2025-01-09T00:13:51-08:00,0,3
index.html,24,html,2f77146d,selinaz154,2025-01-17,14:04:42,-08:00,2025-01-17T14:04:42-08:00,0,83
index.html,25,html,8aecd498,selinaz154,2025-01-23,13:58:31,-08:00,2025-01-23T13:58:31-08:00,0,60
index.html,26,html,6c0e3832,selinaz154,2025-01-09,00:13:51,-08:00,2025-01-09T00:13:51-08:00,0,52
index.html,27,html,dc0c49d4,selinaz154,2025-01-16,21:13:38,-08:00,2025-01-16T21:13:38-08:00,0,50
index.html,28,html,6c0e3832,selinaz154,2025-01-09,00:13:51,-08:00,2025-01-09T00:13:51-08:00,0,34
index.html,29,html,2f77146d,selinaz154,2025-01-17,14:04:42,-08:00,2025-01-17T14:04:42-08:00,0,93
index.html,30,html,8aecd498,selinaz154,2025-01-23,13:58:31,-08:00,2025-01-23T13:58:31-08:00,0,0
index.html,31,html,6c0e3832,selinaz154,2025-01-09,00:13:51,-08:00,2025-01-09T00:13:51-08:00,0,4
index.html,32,html,6c0e3832,selinaz154,2025-01-09,00:13:51,-08:00,2025-01-09T00:13:51-08:00,0,5
index.html,33,html,8aecd498,selinaz154,2025-01-23,13:58:31,-08:00,2025-01-23T13:58:31-08:00,0,12
index.html,34,html,c970c0a7,selinaz154,2025-01-06,14:18:50,-08:00,2025-01-06T14:18:50-08:00,0,3
index.html,35,html,c970c0a7,selinaz154,2025-01-06,14:18:50,-08:00,2025-01-06T14:18:50-08:00,0,11
index.html,36,html,c970c0a7,selinaz154,2025-01-06,14:18:50,-08:00,2025-01-06T14:18:50-08:00,0,4
index.html,37,html,2e205161,selinaz154,2025-01-08,14:53:10,-08:00,2025-01-08T14:53:10-08:00,0,0
index.html,38,html,c970c0a7,selinaz154,2025-01-06,14:18:50,-08:00,2025-01-06T14:18:50-08:00,0,2
index.html,39,html,8aecd498,selinaz154,2025-01-23,13:58:31,-08:00,2025-01-23T13:58:31-08:00,0,39
index.html,40,html,8aecd498,selinaz154,2025-01-23,13:58:31,-08:00,2025-01-23T13:58:31-08:00,0,32
index.html,41,html,c970c0a7,selinaz154,2025-01-06,14:18:50,-08:00,2025-01-06T14:18:50-08:00,0,3
index.html,42,html,71152c6a,selinaz154,2025-01-30,20:01:24,-08:00,2025-01-30T20:01:24-08:00,0,0
index.html,43,html,2f77146d,selinaz154,2025-01-17,14:04:42,-08:00,2025-01-17T14:04:42-08:00,0,78
index.html,44,html,4d6f8c93,selinaz154,2025-01-30,18:00:26,-08:00,2025-01-30T18:00:26-08:00,0,0
index.html,45,html,b3f5e9b9,selinaz154,2025-01-30,23:37:43,-08:00,2025-01-30T23:37:43-08:00,0,40
index.html,46,html,b3f5e9b9,selinaz154,2025-01-30,23:37:43,-08:00,2025-01-30T23:37:43-08:00,0,0
index.html,47,html,b3f5e9b9,selinaz154,2025-01-30,23:37:43,-08:00,2025-01-30T23:37:43-08:00,0,5
index.html,48,html,b3f5e9b9,selinaz154,2025-01-30,23:37:43,-08:00,2025-01-30T23:37:43-08:00,0,25
index.html,49,html,b3f5e9b9,selinaz154,2025-01-30,23:37:43,-08:00,2025-01-30T23:37:43-08:00,0,0
index.html,50,html,b3f5e9b9,selinaz154,2025-01-30,23:37:43,-08:00,2025-01-30T23:37:43-08:00,0,24
index.html,51,html,71152c6a,selinaz154,2025-01-30,20:01:24,-08:00,2025-01-30T20:01:24-08:00,0,21
index.html,52,html,71152c6a,selinaz154,2025-01-30,20:01:24,-08:00,2025-01-30T20:01:24-08:00,0,50
index.html,53,html,71152c6a,selinaz154,2025-01-30,20:01:24,-08:00,2025-01-30T20:01:24-08:00,0,5
index.html,54,html,ea9134a1,selinaz154,2025-01-31,13:03:04,-08:00,2025-01-31T13:03:04-08:00,0,46
index.html,55,html,4d6f8c93,selinaz154,2025-01-30,18:00:26,-08:00,2025-01-30T18:00:26-08:00,0,51
index.html,56,html,35acd71e,selinaz154,2025-01-06,14:39:38,-08:00,2025-01-06T14:39:38-08:00,0,6
index.html,57,html,c970c0a7,selinaz154,2025-01-06,14:18:50,-08:00,2025-01-06T14:18:50-08:00,0,6
global.js,1,js,8aecd498,selinaz154,2025-01-23,13:58:31,-08:00,2025-01-23T13:58:31-08:00,0,25
global.js,2,js,8aecd498,selinaz154,2025-01-23,13:58:31,-08:00,2025-01-23T13:58:31-08:00,0,0
global.js,3,js,8aecd498,selinaz154,2025-01-23,13:58:31,-08:00,2025-01-23T13:58:31-08:00,0,42
global.js,4,js,8aecd498,selinaz154,2025-01-23,13:58:31,-08:00,2025-01-23T13:58:31-08:00,0,53
global.js,5,js,8aecd498,selinaz154,2025-01-23,13:58:31,-08:00,2025-01-23T13:58:31-08:00,0,0
global.js,6,js,8aecd498,selinaz154,2025-01-23,13:58:31,-08:00,2025-01-23T13:58:31-08:00,0,0
global.js,7,js,8aecd498,selinaz154,2025-01-23,13:58:31,-08:00,2025-01-23T13:58:31-08:00,0,25
global.js,8,js,8aecd498,selinaz154,2025-01-23,13:58:31,-08:00,2025-01-23T13:58:31-08:00,0,0
global.js,9,js,8aecd498,selinaz154,2025-01-23,13:58:31,-08:00,2025-01-23T13:58:31-08:00,0,12
global.js,10,js,8aecd498,selinaz154,2025-01-23,13:58:31,-08:00,2025-01-23T13:58:31-08:00,0,26
global.js,11,js,8aecd498,selinaz154,2025-01-23,13:58:31,-08:00,2025-01-23T13:58:31-08:00,0,39
global.js,12,js,8aecd498,selinaz154,2025-01-23,13:58:31,-08:00,2025-01-23T13:58:31-08:00,0,37
global.js,13,js,a1470025,selinaz154,2025-01-24,13:23:14,-08:00,2025-01-24T13:23:14-08:00,0,27
global.js,14,js,ab72881f,selinaz154,2025-02-14,15:39:24,-08:00,2025-02-14T15:39:24-08:00,0,30
global.js,15,js,8aecd498,selinaz154,2025-01-23,13:58:31,-08:00,2025-01-23T13:58:31-08:00,0,33
global.js,16,js,8aecd498,selinaz154,2025-01-23,13:58:31,-08:00,2025-01-23T13:58:31-08:00,0,55
global.js,17,js,8aecd498,selinaz154,2025-01-23,13:58:31,-08:00,2025-01-23T13:58:31-08:00,0,1
global.js,18,js,8aecd498,selinaz154,2025-01-23,13:58:31,-08:00,2025-01-23T13:58:31-08:00,0,0
global.js,19,js,8aecd498,selinaz154,2025-01-23,13:58:31,-08:00,2025-01-23T13:58:31-08:00,0,31
global.js,20,js,8aecd498,selinaz154,2025-01-23,13:58:31,-08:00,2025-01-23T13:58:31-08:00,0,66
global.js,21,js,8aecd498,selinaz154,2025-01-23,13:58:31,-08:00,2025-01-23T13:58:31-08:00,0,1
global.js,22,js,8aecd498,selinaz154,2025-01-23,13:58:31,-08:00,2025-01-23T13:58:31-08:00,0,0
global.js,23,js,8aecd498,selinaz154,2025-01-23,13:58:31,-08:00,2025-01-23T13:58:31-08:00,0,17
global.js,24,js,8aecd498,selinaz154,2025-01-23,13:58:31,-08:00,2025-01-23T13:58:31-08:00,0,35
global.js,25,js,8aecd498,selinaz154,2025-01-23,13:58:31,-08:00,2025-01-23T13:58:31-08:00,0,37
global.js,26,js,8aecd498,selinaz154,2025-01-23,13:58:31,-08:00,2025-01-23T13:58:31-08:00,0,0
global.js,27,js,8aecd498,selinaz154,2025-01-23,13:58:31,-08:00,2025-01-23T13:58:31-08:00,0,0
global.js,28,js,8aecd498,selinaz154,2025-01-23,13:58:31,-08:00,2025-01-23T13:58:31-08:00,0,39
global.js,29,js,8aecd498,selinaz154,2025-01-23,13:58:31,-08:00,2025-01-23T13:58:31-08:00,0,26
global.js,30,js,8aecd498,selinaz154,2025-01-23,13:58:31,-08:00,2025-01-23T13:58:31-08:00,0,71
global.js,31,js,8aecd498,selinaz154,2025-01-23,13:58:31,-08:00,2025-01-23T13:58:31-08:00,0,0
global.js,32,js,8aecd498,selinaz154,2025-01-23,13:58:31,-08:00,2025-01-23T13:58:31-08:00,0,21
global.js,33,js,8aecd498,selinaz154,2025-01-23,13:58:31,-08:00,2025-01-23T13:58:31-08:00,0,15
global.js,34,js,8aecd498,selinaz154,2025-01-23,13:58:31,-08:00,2025-01-23T13:58:31-08:00,0,19
global.js,35,js,8aecd498,selinaz154,2025-01-23,13:58:31,-08:00,2025-01-23T13:58:31-08:00,0,0
global.js,36,js,8aecd498,selinaz154,2025-01-23,13:58:31,-08:00,2025-01-23T13:58:31-08:00,0,45
global.js,37,js,8aecd498,selinaz154,2025-01-23,13:58:31,-08:00,2025-01-23T13:58:31-08:00,0,17
global.js,38,js,8aecd498,selinaz154,2025-01-23,13:58:31,-08:00,2025-01-23T13:58:31-08:00,0,0
global.js,39,js,8aecd498,selinaz154,2025-01-23,13:58:31,-08:00,2025-01-23T13:58:31-08:00,0,0
global.js,40,js,8aecd498,selinaz154,2025-01-23,13:58:31,-08:00,2025-01-23T13:58:31-08:00,0,35
global.js,41,js,8aecd498,selinaz154,2025-01-23,13:58:31,-08:00,2025-01-23T13:58:31-08:00,0,12
global.js,42,js,8aecd498,selinaz154,2025-01-23,13:58:31,-08:00,2025-01-23T13:58:31-08:00,0,21
global.js,43,js,8aecd498,selinaz154,2025-01-23,13:58:31,-08:00,2025-01-23T13:58:31-08:00,0,13
global.js,44,js,8aecd498,selinaz154,2025-01-23,13:58:31,-08:00,2025-01-23T13:58:31-08:00,0,0
global.js,45,js,8aecd498,selinaz154,2025-01-23,13:58:31,-08:00,2025-01-23T13:58:31-08:00,0,0
global.js,46,js,8aecd498,selinaz154,2025-01-23,13:58:31,-08:00,2025-01-23T13:58:31-08:00,0,18
global.js,47,js,8aecd498,selinaz154,2025-01-23,13:58:31,-08:00,2025-01-23T13:58:31-08:00,0,9
global.js,48,js,8aecd498,selinaz154,2025-01-23,13:58:31,-08:00,2025-01-23T13:58:31-08:00,0,59
global.js,49,js,8aecd498,selinaz154,2025-01-23,13:58:31,-08:00,2025-01-23T13:58:31-08:00,0,1
global.js,50,js,8aecd498,selinaz154,2025-01-23,13:58:31,-08:00,2025-01-23T13:58:31-08:00,0,0
global.js,51,js,8aecd498,selinaz154,2025-01-23,13:58:31,-08:00,2025-01-23T13:58:31-08:00,0,59
global.js,52,js,8aecd498,selinaz154,2025-01-23,13:58:31,-08:00,2025-01-23T13:58:31-08:00,0,58
global.js,53,js,8aecd498,selinaz154,2025-01-23,13:58:31,-08:00,2025-01-23T13:58:31-08:00,0,0
global.js,54,js,8aecd498,selinaz154,2025-01-23,13:58:31,-08:00,2025-01-23T13:58:31-08:00,0,0
global.js,55,js,71152c6a,selinaz154,2025-01-30,20:01:24,-08:00,2025-01-30T20:01:24-08:00,0,13
global.js,56,js,8aecd498,selinaz154,2025-01-23,13:58:31,-08:00,2025-01-23T13:58:31-08:00,0,0
global.js,57,js,8aecd498,selinaz154,2025-01-23,13:58:31,-08:00,2025-01-23T13:58:31-08:00,0,0
global.js,58,js,8aecd498,selinaz154,2025-01-23,13:58:31,-08:00,2025-01-23T13:58:31-08:00,0,32
global.js,59,js,8aecd498,selinaz154,2025-01-23,13:58:31,-08:00,2025-01-23T13:58:31-08:00,0,12
global.js,60,js,8aecd498,selinaz154,2025-01-23,13:58:31,-08:00,2025-01-23T13:58:31-08:00,0,0
global.js,61,js,8aecd498,selinaz154,2025-01-23,13:58:31,-08:00,2025-01-23T13:58:31-08:00,0,27
global.js,62,js,8aecd498,selinaz154,2025-01-23,13:58:31,-08:00,2025-01-23T13:58:31-08:00,0,5
global.js,63,js,8aecd498,selinaz154,2025-01-23,13:58:31,-08:00,2025-01-23T13:58:31-08:00,0,7
global.js,64,js,6c489e70,selinaz154,2025-01-24,13:51:35,-08:00,2025-01-24T13:51:35-08:00,0,44
global.js,65,js,8aecd498,selinaz154,2025-01-23,13:58:31,-08:00,2025-01-23T13:58:31-08:00,0,35
global.js,66,js,8aecd498,selinaz154,2025-01-23,13:58:31,-08:00,2025-01-23T13:58:31-08:00,0,33
global.js,67,js,8aecd498,selinaz154,2025-01-23,13:58:31,-08:00,2025-01-23T13:58:31-08:00,0,8
global.js,68,js,8aecd498,selinaz154,2025-01-23,13:58:31,-08:00,2025-01-23T13:58:31-08:00,0,8
global.js,69,js,71152c6a,selinaz154,2025-01-30,20:01:24,-08:00,2025-01-30T20:01:24-08:00,0,1
global.js,70,js,8aecd498,selinaz154,2025-01-23,13:58:31,-08:00,2025-01-23T13:58:31-08:00,0,0
global.js,71,js,8aecd498,selinaz154,2025-01-23,13:58:31,-08:00,2025-01-23T13:58:31-08:00,0,9
global.js,72,js,71152c6a,selinaz154,2025-01-30,20:01:24,-08:00,2025-01-30T20:01:24-08:00,0,0
global.js,73,js,8aecd498,selinaz154,2025-01-23,13:58:31,-08:00,2025-01-23T13:58:31-08:00,0,44
global.js,74,js,8aecd498,selinaz154,2025-01-23,13:58:31,-08:00,2025-01-23T13:58:31-08:00,0,0
global.js,75,js,8aecd498,selinaz154,2025-01-23,13:58:31,-08:00,2025-01-23T13:58:31-08:00,0,60
global.js,76,js,8aecd498,selinaz154,2025-01-23,13:58:31,-08:00,2025-01-23T13:58:31-08:00,0,22
global.js,77,js,8aecd498,selinaz154,2025-01-23,13:58:31,-08:00,2025-01-23T13:58:31-08:00,0,76
global.js,78,js,8aecd498,selinaz154,2025-01-23,13:58:31,-08:00,2025-01-23T13:58:31-08:00,0,88
global.js,79,js,8aecd498,selinaz154,2025-01-23,13:58:31,-08:00,2025-01-23T13:58:31-08:00,0,0
global.js,80,js,8aecd498,selinaz154,2025-01-23,13:58:31,-08:00,2025-01-23T13:58:31-08:00,0,0
global.js,81,js,8aecd498,selinaz154,2025-01-23,13:58:31,-08:00,2025-01-23T13:58:31-08:00,0,50
global.js,82,js,8aecd498,selinaz154,2025-01-23,13:58:31,-08:00,2025-01-23T13:58:31-08:00,0,58
global.js,83,js,8aecd498,selinaz154,2025-01-23,13:58:31,-08:00,2025-01-23T13:58:31-08:00,0,78
global.js,84,js,8aecd498,selinaz154,2025-01-23,13:58:31,-08:00,2025-01-23T13:58:31-08:00,0,44
global.js,85,js,8aecd498,selinaz154,2025-01-23,13:58:31,-08:00,2025-01-23T13:58:31-08:00,0,2
global.js,86,js,8aecd498,selinaz154,2025-01-23,13:58:31,-08:00,2025-01-23T13:58:31-08:00,0,0
global.js,87,js,08fc5ae5,selinaz154,2025-01-27,21:07:18,-08:00,2025-01-27T21:07:18-08:00,0,6
global.js,88,js,08fc5ae5,selinaz154,2025-01-27,21:07:18,-08:00,2025-01-27T21:07:18-08:00,0,37
global.js,89,js,08fc5ae5,selinaz154,2025-01-27,21:07:18,-08:00,2025-01-27T21:07:18-08:00,0,4
global.js,90,js,08fc5ae5,selinaz154,2025-01-27,21:07:18,-08:00,2025-01-27T21:07:18-08:00,0,40
global.js,91,js,08fc5ae5,selinaz154,2025-01-27,21:07:18,-08:00,2025-01-27T21:07:18-08:00,0,33
global.js,92,js,7ff33d83,selinaz154,2025-01-30,12:27:24,-08:00,2025-01-30T12:27:24-08:00,0,18
global.js,93,js,7ff33d83,selinaz154,2025-01-30,12:27:24,-08:00,2025-01-30T12:27:24-08:00,0,67
global.js,94,js,7ff33d83,selinaz154,2025-01-30,12:27:24,-08:00,2025-01-30T12:27:24-08:00,0,0
global.js,95,js,7ff33d83,selinaz154,2025-01-30,12:27:24,-08:00,2025-01-30T12:27:24-08:00,0,0
global.js,96,js,7ff33d83,selinaz154,2025-01-30,12:27:24,-08:00,2025-01-30T12:27:24-08:00,0,34
global.js,97,js,7ff33d83,selinaz154,2025-01-30,12:27:24,-08:00,2025-01-30T12:27:24-08:00,0,11
global.js,98,js,7ff33d83,selinaz154,2025-01-30,12:27:24,-08:00,2025-01-30T12:27:24-08:00,0,0
global.js,99,js,08fc5ae5,selinaz154,2025-01-27,21:07:18,-08:00,2025-01-27T21:07:18-08:00,0,0
global.js,100,js,08fc5ae5,selinaz154,2025-01-27,21:07:18,-08:00,2025-01-27T21:07:18-08:00,0,16
global.js,101,js,08fc5ae5,selinaz154,2025-01-27,21:07:18,-08:00,2025-01-27T21:07:18-08:00,0,60
global.js,102,js,08fc5ae5,selinaz154,2025-01-27,21:07:18,-08:00,2025-01-27T21:07:18-08:00,0,0
global.js,103,js,08fc5ae5,selinaz154,2025-01-27,21:07:18,-08:00,2025-01-27T21:07:18-08:00,0,0
global.js,104,js,08fc5ae5,selinaz154,2025-01-27,21:07:18,-08:00,2025-01-27T21:07:18-08:00,0,0
global.js,105,js,08fc5ae5,selinaz154,2025-01-27,21:07:18,-08:00,2025-01-27T21:07:18-08:00,0,0
global.js,106,js,b3f5e9b9,selinaz154,2025-01-30,23:37:43,-08:00,2025-01-30T23:37:43-08:00,0,79
global.js,107,js,7ff33d83,selinaz154,2025-01-30,12:27:24,-08:00,2025-01-30T12:27:24-08:00,0,48
global.js,108,js,7ff33d83,selinaz154,2025-01-30,12:27:24,-08:00,2025-01-30T12:27:24-08:00,0,52
global.js,109,js,7ff33d83,selinaz154,2025-01-30,12:27:24,-08:00,2025-01-30T12:27:24-08:00,0,6
global.js,110,js,71152c6a,selinaz154,2025-01-30,20:01:24,-08:00,2025-01-30T20:01:24-08:00,0,0
global.js,111,js,71152c6a,selinaz154,2025-01-30,20:01:24,-08:00,2025-01-30T20:01:24-08:00,0,31
global.js,112,js,a9e7f20e,selinaz154,2025-02-07,15:21:45,-08:00,2025-02-07T15:21:45-08:00,0,0
global.js,113,js,b3f5e9b9,selinaz154,2025-01-30,23:37:43,-08:00,2025-01-30T23:37:43-08:00,0,0
global.js,114,js,b3f5e9b9,selinaz154,2025-01-30,23:37:43,-08:00,2025-01-30T23:37:43-08:00,0,27
global.js,115,js,b3f5e9b9,selinaz154,2025-01-30,23:37:43,-08:00,2025-01-30T23:37:43-08:00,0,23
global.js,116,js,27c3c440,selinaz154,2025-01-31,11:40:20,-08:00,2025-01-31T11:40:20-08:00,0,0
global.js,117,js,7ff33d83,selinaz154,2025-01-30,12:27:24,-08:00,2025-01-30T12:27:24-08:00,0,49
global.js,118,js,27c3c440,selinaz154,2025-01-31,11:40:20,-08:00,2025-01-31T11:40:20-08:00,0,0
global.js,119,js,7ff33d83,selinaz154,2025-01-30,12:27:24,-08:00,2025-01-30T12:27:24-08:00,0,20
global.js,120,js,b3f5e9b9,selinaz154,2025-01-30,23:37:43,-08:00,2025-01-30T23:37:43-08:00,0,24
global.js,121,js,b3f5e9b9,selinaz154,2025-01-30,23:37:43,-08:00,2025-01-30T23:37:43-08:00,0,50
global.js,122,js,a9e7f20e,selinaz154,2025-02-07,15:21:45,-08:00,2025-02-07T15:21:45-08:00,0,0
global.js,123,js,b3f5e9b9,selinaz154,2025-01-30,23:37:43,-08:00,2025-01-30T23:37:43-08:00,0,28
global.js,124,js,a9e7f20e,selinaz154,2025-02-07,15:21:45,-08:00,2025-02-07T15:21:45-08:00,0,37
global.js,125,js,7ff33d83,selinaz154,2025-01-30,12:27:24,-08:00,2025-01-30T12:27:24-08:00,0,1
global.js,126,js,7ff33d83,selinaz154,2025-01-30,12:27:24,-08:00,2025-01-30T12:27:24-08:00,0,0
global.js,127,js,7ff33d83,selinaz154,2025-01-30,12:27:24,-08:00,2025-01-30T12:27:24-08:00,0,37
global.js,128,js,7ff33d83,selinaz154,2025-01-30,12:27:24,-08:00,2025-01-30T12:27:24-08:00,0,2
global.js,129,js,08fc5ae5,selinaz154,2025-01-27,21:07:18,-08:00,2025-01-27T21:07:18-08:00,0,0
global.js,130,js,08fc5ae5,selinaz154,2025-01-27,21:07:18,-08:00,2025-01-27T21:07:18-08:00,0,0
global.js,131,js,08fc5ae5,selinaz154,2025-01-27,21:07:18,-08:00,2025-01-27T21:07:18-08:00,0,0
global.js,132,js,7ff33d83,selinaz154,2025-01-30,12:27:24,-08:00,2025-01-30T12:27:24-08:00,0,53
global.js,133,js,7ff33d83,selinaz154,2025-01-30,12:27:24,-08:00,2025-01-30T12:27:24-08:00,0,28
global.js,134,js,7ff33d83,selinaz154,2025-01-30,12:27:24,-08:00,2025-01-30T12:27:24-08:00,0,35
global.js,135,js,7ff33d83,selinaz154,2025-01-30,12:27:24,-08:00,2025-01-30T12:27:24-08:00,0,53
global.js,136,js,7ff33d83,selinaz154,2025-01-30,12:27:24,-08:00,2025-01-30T12:27:24-08:00,0,7
global.js,137,js,7ff33d83,selinaz154,2025-01-30,12:27:24,-08:00,2025-01-30T12:27:24-08:00,0,38
global.js,138,js,7ff33d83,selinaz154,2025-01-30,12:27:24,-08:00,2025-01-30T12:27:24-08:00,0,0
global.js,139,js,4d6f8c93,selinaz154,2025-01-30,18:00:26,-08:00,2025-01-30T18:00:26-08:00,0,0
global.js,140,js,4d6f8c93,selinaz154,2025-01-30,18:00:26,-08:00,2025-01-30T18:00:26-08:00,0,0
global.js,141,js,4d6f8c93,selinaz154,2025-01-30,18:00:26,-08:00,2025-01-30T18:00:26-08:00,0,9
global.js,142,js,4d6f8c93,selinaz154,2025-01-30,18:00:26,-08:00,2025-01-30T18:00:26-08:00,0,48
global.js,143,js,b3f5e9b9,selinaz154,2025-01-30,23:37:43,-08:00,2025-01-30T23:37:43-08:00,0,60
global.js,144,js,4d6f8c93,selinaz154,2025-01-30,18:00:26,-08:00,2025-01-30T18:00:26-08:00,0,0
projects/projects.js,1,js,357ec92e,selinaz154,2025-02-07,21:47:56,-08:00,2025-02-07T21:47:56-08:00,0,56
projects/projects.js,2,js,a9e7f20e,selinaz154,2025-02-07,15:21:45,-08:00,2025-02-07T15:21:45-08:00,0,64
projects/projects.js,3,js,7ff33d83,selinaz154,2025-01-30,12:27:24,-08:00,2025-01-30T12:27:24-08:00,0,0
projects/projects.js,4,js,357ec92e,selinaz154,2025-02-07,21:47:56,-08:00,2025-02-07T21:47:56-08:00,0,56
projects/projects.js,5,js,7ff33d83,selinaz154,2025-01-30,12:27:24,-08:00,2025-01-30T12:27:24-08:00,0,61
projects/projects.js,6,js,357ec92e,selinaz154,2025-02-07,21:47:56,-08:00,2025-02-07T21:47:56-08:00,0,0
projects/projects.js,7,js,7ff33d83,selinaz154,2025-01-30,12:27:24,-08:00,2025-01-30T12:27:24-08:00,0,49
projects/projects.js,8,js,357ec92e,selinaz154,2025-02-07,21:47:56,-08:00,2025-02-07T21:47:56-08:00,0,63
projects/projects.js,9,js,357ec92e,selinaz154,2025-02-07,21:47:56,-08:00,2025-02-07T21:47:56-08:00,0,0
projects/projects.js,10,js,357ec92e,selinaz154,2025-02-07,21:47:56,-08:00,2025-02-07T21:47:56-08:00,0,19
projects/projects.js,11,js,357ec92e,selinaz154,2025-02-07,21:47:56,-08:00,2025-02-07T21:47:56-08:00,0,57
projects/projects.js,12,js,357ec92e,selinaz154,2025-02-07,21:47:56,-08:00,2025-02-07T21:47:56-08:00,0,0
projects/projects.js,13,js,357ec92e,selinaz154,2025-02-07,21:47:56,-08:00,2025-02-07T21:47:56-08:00,0,0
projects/projects.js,14,js,357ec92e,selinaz154,2025-02-07,21:47:56,-08:00,2025-02-07T21:47:56-08:00,0,58
projects/projects.js,15,js,357ec92e,selinaz154,2025-02-07,21:47:56,-08:00,2025-02-07T21:47:56-08:00,0,48
projects/projects.js,16,js,357ec92e,selinaz154,2025-02-07,21:47:56,-08:00,2025-02-07T21:47:56-08:00,0,22
projects/projects.js,17,js,357ec92e,selinaz154,2025-02-07,21:47:56,-08:00,2025-02-07T21:47:56-08:00,0,0
projects/projects.js,18,js,357ec92e,selinaz154,2025-02-07,21:47:56,-08:00,2025-02-07T21:47:56-08:00,0,0
projects/projects.js,19,js,357ec92e,selinaz154,2025-02-07,21:47:56,-08:00,2025-02-07T21:47:56-08:00,0,0
projects/projects.js,20,js,357ec92e,selinaz154,2025-02-07,21:47:56,-08:00,2025-02-07T21:47:56-08:00,0,30
projects/projects.js,21,js,357ec92e,selinaz154,2025-02-07,21:47:56,-08:00,2025-02-07T21:47:56-08:00,0,62
projects/projects.js,22,js,357ec92e,selinaz154,2025-02-07,21:47:56,-08:00,2025-02-07T21:47:56-08:00,0,80
projects/projects.js,23,js,357ec92e,selinaz154,2025-02-07,21:47:56,-08:00,2025-02-07T21:47:56-08:00,0,4
projects/projects.js,24,js,357ec92e,selinaz154,2025-02-07,21:47:56,-08:00,2025-02-07T21:47:56-08:00,0,0
projects/projects.js,25,js,357ec92e,selinaz154,2025-02-07,21:47:56,-08:00,2025-02-07T21:47:56-08:00,0,51
projects/projects.js,26,js,357ec92e,selinaz154,2025-02-07,21:47:56,-08:00,2025-02-07T21:47:56-08:00,0,0
projects/projects.js,27,js,357ec92e,selinaz154,2025-02-07,21:47:56,-08:00,2025-02-07T21:47:56-08:00,0,0
projects/projects.js,28,js,357ec92e,selinaz154,2025-02-07,21:47:56,-08:00,2025-02-07T21:47:56-08:00,0,0
projects/projects.js,29,js,357ec92e,selinaz154,2025-02-07,21:47:56,-08:00,2025-02-07T21:47:56-08:00,0,30
projects/projects.js,30,js,357ec92e,selinaz154,2025-02-07,21:47:56,-08:00,2025-02-07T21:47:56-08:00,0,15
projects/projects.js,31,js,357ec92e,selinaz154,2025-02-07,21:47:56,-08:00,2025-02-07T21:47:56-08:00,0,22
projects/projects.js,32,js,357ec92e,selinaz154,2025-02-07,21:47:56,-08:00,2025-02-07T21:47:56-08:00,0,20
projects/projects.js,33,js,357ec92e,selinaz154,2025-02-07,21:47:56,-08:00,2025-02-07T21:47:56-08:00,0,6
projects/projects.js,34,js,357ec92e,selinaz154,2025-02-07,21:47:56,-08:00,2025-02-07T21:47:56-08:00,0,0
projects/projects.js,35,js,357ec92e,selinaz154,2025-02-07,21:47:56,-08:00,2025-02-07T21:47:56-08:00,0,26
projects/projects.js,36,js,357ec92e,selinaz154,2025-02-07,21:47:56,-08:00,2025-02-07T21:47:56-08:00,0,0
projects/projects.js,37,js,357ec92e,selinaz154,2025-02-07,21:47:56,-08:00,2025-02-07T21:47:56-08:00,0,0
projects/projects.js,38,js,357ec92e,selinaz154,2025-02-07,21:47:56,-08:00,2025-02-07T21:47:56-08:00,0,48
projects/projects.js,39,js,357ec92e,selinaz154,2025-02-07,21:47:56,-08:00,2025-02-07T21:47:56-08:00,0,43
projects/projects.js,40,js,357ec92e,selinaz154,2025-02-07,21:47:56,-08:00,2025-02-07T21:47:56-08:00,0,7
projects/projects.js,41,js,357ec92e,selinaz154,2025-02-07,21:47:56,-08:00,2025-02-07T21:47:56-08:00,0,0
projects/projects.js,42,js,357ec92e,selinaz154,2025-02-07,21:47:56,-08:00,2025-02-07T21:47:56-08:00,0,54
projects/projects.js,43,js,357ec92e,selinaz154,2025-02-07,21:47:56,-08:00,2025-02-07T21:47:56-08:00,0,37
projects/projects.js,44,js,357ec92e,selinaz154,2025-02-07,21:47:56,-08:00,2025-02-07T21:47:56-08:00,0,49
projects/projects.js,45,js,357ec92e,selinaz154,2025-02-07,21:47:56,-08:00,2025-02-07T21:47:56-08:00,0,0
projects/projects.js,46,js,357ec92e,selinaz154,2025-02-07,21:47:56,-08:00,2025-02-07T21:47:56-08:00,0,54
projects/projects.js,47,js,357ec92e,selinaz154,2025-02-07,21:47:56,-08:00,2025-02-07T21:47:56-08:00,0,0
projects/projects.js,48,js,357ec92e,selinaz154,2025-02-07,21:47:56,-08:00,2025-02-07T21:47:56-08:00,0,30
projects/projects.js,49,js,357ec92e,selinaz154,2025-02-07,21:47:56,-08:00,2025-02-07T21:47:56-08:00,0,62
projects/projects.js,50,js,357ec92e,selinaz154,2025-02-07,21:47:56,-08:00,2025-02-07T21:47:56-08:00,0,80
projects/projects.js,51,js,357ec92e,selinaz154,2025-02-07,21:47:56,-08:00,2025-02-07T21:47:56-08:00,0,4
projects/projects.js,52,js,357ec92e,selinaz154,2025-02-07,21:47:56,-08:00,2025-02-07T21:47:56-08:00,0,0
projects/projects.js,53,js,357ec92e,selinaz154,2025-02-07,21:47:56,-08:00,2025-02-07T21:47:56-08:00,0,0
projects/projects.js,54,js,357ec92e,selinaz154,2025-02-07,21:47:56,-08:00,2025-02-07T21:47:56-08:00,0,0
projects/projects.js,55,js,357ec92e,selinaz154,2025-02-07,21:47:56,-08:00,2025-02-07T21:47:56-08:00,0,0
projects/projects.js,56,js,357ec92e,selinaz154,2025-02-07,21:47:56,-08:00,2025-02-07T21:47:56-08:00,0,25
projects/projects.js,57,js,357ec92e,selinaz154,2025-02-07,21:47:56,-08:00,2025-02-07T21:47:56-08:00,0,7
projects/projects.js,58,js,357ec92e,selinaz154,2025-02-07,21:47:56,-08:00,2025-02-07T21:47:56-08:00,0,42
projects/projects.js,59,js,357ec92e,selinaz154,2025-02-07,21:47:56,-08:00,2025-02-07T21:47:56-08:00,0,64
projects/projects.js,60,js,357ec92e,selinaz154,2025-02-07,21:47:56,-08:00,2025-02-07T21:47:56-08:00,0,0
projects/projects.js,61,js,357ec92e,selinaz154,2025-02-07,21:47:56,-08:00,2025-02-07T21:47:56-08:00,0,30
projects/projects.js,62,js,357ec92e,selinaz154,2025-02-07,21:47:56,-08:00,2025-02-07T21:47:56-08:00,0,60
projects/projects.js,63,js,357ec92e,selinaz154,2025-02-07,21:47:56,-08:00,2025-02-07T21:47:56-08:00,0,77
projects/projects.js,64,js,357ec92e,selinaz154,2025-02-07,21:47:56,-08:00,2025-02-07T21:47:56-08:00,0,0
projects/projects.js,65,js,357ec92e,selinaz154,2025-02-07,21:47:56,-08:00,2025-02-07T21:47:56-08:00,0,31
projects/projects.js,66,js,357ec92e,selinaz154,2025-02-07,21:47:56,-08:00,2025-02-07T21:47:56-08:00,0,35
projects/projects.js,67,js,357ec92e,selinaz154,2025-02-07,21:47:56,-08:00,2025-02-07T21:47:56-08:00,0,20
projects/projects.js,68,js,357ec92e,selinaz154,2025-02-07,21:47:56,-08:00,2025-02-07T21:47:56-08:00,0,22
projects/projects.js,69,js,357ec92e,selinaz154,2025-02-07,21:47:56,-08:00,2025-02-07T21:47:56-08:00,0,20
projects/projects.js,70,js,357ec92e,selinaz154,2025-02-07,21:47:56,-08:00,2025-02-07T21:47:56-08:00,0,6
projects/projects.js,71,js,357ec92e,selinaz154,2025-02-07,21:47:56,-08:00,2025-02-07T21:47:56-08:00,0,24
projects/projects.js,72,js,357ec92e,selinaz154,2025-02-07,21:47:56,-08:00,2025-02-07T21:47:56-08:00,0,56
projects/projects.js,73,js,357ec92e,selinaz154,2025-02-07,21:47:56,-08:00,2025-02-07T21:47:56-08:00,0,43
projects/projects.js,74,js,357ec92e,selinaz154,2025-02-07,21:47:56,-08:00,2025-02-07T21:47:56-08:00,0,7
projects/projects.js,75,js,357ec92e,selinaz154,2025-02-07,21:47:56,-08:00,2025-02-07T21:47:56-08:00,0,56
projects/projects.js,76,js,357ec92e,selinaz154,2025-02-07,21:47:56,-08:00,2025-02-07T21:47:56-08:00,0,59
projects/projects.js,77,js,357ec92e,selinaz154,2025-02-07,21:47:56,-08:00,2025-02-07T21:47:56-08:00,0,48
projects/projects.js,78,js,357ec92e,selinaz154,2025-02-07,21:47:56,-08:00,2025-02-07T21:47:56-08:00,0,57
projects/projects.js,79,js,357ec92e,selinaz154,2025-02-07,21:47:56,-08:00,2025-02-07T21:47:56-08:00,0,0
projects/projects.js,80,js,357ec92e,selinaz154,2025-02-07,21:47:56,-08:00,2025-02-07T21:47:56-08:00,0,53
projects/projects.js,81,js,357ec92e,selinaz154,2025-02-07,21:47:56,-08:00,2025-02-07T21:47:56-08:00,0,0
projects/projects.js,82,js,357ec92e,selinaz154,2025-02-07,21:47:56,-08:00,2025-02-07T21:47:56-08:00,0,39
projects/projects.js,83,js,357ec92e,selinaz154,2025-02-07,21:47:56,-08:00,2025-02-07T21:47:56-08:00,0,38
projects/projects.js,84,js,357ec92e,selinaz154,2025-02-07,21:47:56,-08:00,2025-02-07T21:47:56-08:00,0,42
projects/projects.js,85,js,357ec92e,selinaz154,2025-02-07,21:47:56,-08:00,2025-02-07T21:47:56-08:00,0,0
projects/projects.js,86,js,357ec92e,selinaz154,2025-02-07,21:47:56,-08:00,2025-02-07T21:47:56-08:00,0,37
projects/projects.js,87,js,357ec92e,selinaz154,2025-02-07,21:47:56,-08:00,2025-02-07T21:47:56-08:00,0,37
projects/projects.js,88,js,357ec92e,selinaz154,2025-02-07,21:47:56,-08:00,2025-02-07T21:47:56-08:00,0,27
projects/projects.js,89,js,357ec92e,selinaz154,2025-02-07,21:47:56,-08:00,2025-02-07T21:47:56-08:00,0,27
projects/projects.js,90,js,357ec92e,selinaz154,2025-02-07,21:47:56,-08:00,2025-02-07T21:47:56-08:00,0,39
projects/projects.js,91,js,357ec92e,selinaz154,2025-02-07,21:47:56,-08:00,2025-02-07T21:47:56-08:00,0,0
projects/projects.js,92,js,357ec92e,selinaz154,2025-02-07,21:47:56,-08:00,2025-02-07T21:47:56-08:00,0,34
projects/projects.js,93,js,357ec92e,selinaz154,2025-02-07,21:47:56,-08:00,2025-02-07T21:47:56-08:00,0,63
projects/projects.js,94,js,357ec92e,selinaz154,2025-02-07,21:47:56,-08:00,2025-02-07T21:47:56-08:00,0,44
projects/projects.js,95,js,357ec92e,selinaz154,2025-02-07,21:47:56,-08:00,2025-02-07T21:47:56-08:00,0,13
projects/projects.js,96,js,357ec92e,selinaz154,2025-02-07,21:47:56,-08:00,2025-02-07T21:47:56-08:00,0,0
projects/projects.js,97,js,357ec92e,selinaz154,2025-02-07,21:47:56,-08:00,2025-02-07T21:47:56-08:00,0,37
projects/projects.js,98,js,357ec92e,selinaz154,2025-02-07,21:47:56,-08:00,2025-02-07T21:47:56-08:00,0,45
projects/projects.js,99,js,357ec92e,selinaz154,2025-02-07,21:47:56,-08:00,2025-02-07T21:47:56-08:00,0,16
projects/projects.js,100,js,357ec92e,selinaz154,2025-02-07,21:47:56,-08:00,2025-02-07T21:47:56-08:00,0,46
projects/projects.js,101,js,357ec92e,selinaz154,2025-02-07,21:47:56,-08:00,2025-02-07T21:47:56-08:00,0,11
projects/projects.js,102,js,357ec92e,selinaz154,2025-02-07,21:47:56,-08:00,2025-02-07T21:47:56-08:00,0,9
projects/projects.js,103,js,357ec92e,selinaz154,2025-02-07,21:47:56,-08:00,2025-02-07T21:47:56-08:00,0,0
projects/projects.js,104,js,357ec92e,selinaz154,2025-02-07,21:47:56,-08:00,2025-02-07T21:47:56-08:00,0,0
projects/projects.js,105,js,357ec92e,selinaz154,2025-02-07,21:47:56,-08:00,2025-02-07T21:47:56-08:00,0,36
projects/projects.js,106,js,357ec92e,selinaz154,2025-02-07,21:47:56,-08:00,2025-02-07T21:47:56-08:00,0,30
projects/projects.js,107,js,357ec92e,selinaz154,2025-02-07,21:47:56,-08:00,2025-02-07T21:47:56-08:00,0,13
projects/projects.js,108,js,357ec92e,selinaz154,2025-02-07,21:47:56,-08:00,2025-02-07T21:47:56-08:00,0,15
projects/projects.js,109,js,357ec92e,selinaz154,2025-02-07,21:47:56,-08:00,2025-02-07T21:47:56-08:00,0,13
projects/projects.js,110,js,357ec92e,selinaz154,2025-02-07,21:47:56,-08:00,2025-02-07T21:47:56-08:00,0,1
projects/projects.js,111,js,357ec92e,selinaz154,2025-02-07,21:47:56,-08:00,2025-02-07T21:47:56-08:00,0,51
projects/projects.js,112,js,357ec92e,selinaz154,2025-02-07,21:47:56,-08:00,2025-02-07T21:47:56-08:00,0,36
projects/projects.js,113,js,357ec92e,selinaz154,2025-02-07,21:47:56,-08:00,2025-02-07T21:47:56-08:00,0,2
projects/projects.js,114,js,357ec92e,selinaz154,2025-02-07,21:47:56,-08:00,2025-02-07T21:47:56-08:00,0,14
projects/projects.js,115,js,357ec92e,selinaz154,2025-02-07,21:47:56,-08:00,2025-02-07T21:47:56-08:00,0,0
projects/projects.js,116,js,357ec92e,selinaz154,2025-02-07,21:47:56,-08:00,2025-02-07T21:47:56-08:00,0,0
projects/projects.js,117,js,357ec92e,selinaz154,2025-02-07,21:47:56,-08:00,2025-02-07T21:47:56-08:00,0,55
projects/projects.js,118,js,357ec92e,selinaz154,2025-02-07,21:47:56,-08:00,2025-02-07T21:47:56-08:00,0,0
projects/projects.js,119,js,357ec92e,selinaz154,2025-02-07,21:47:56,-08:00,2025-02-07T21:47:56-08:00,0,47
projects/projects.js,120,js,357ec92e,selinaz154,2025-02-07,21:47:56,-08:00,2025-02-07T21:47:56-08:00,0,33
projects/projects.js,121,js,357ec92e,selinaz154,2025-02-07,21:47:56,-08:00,2025-02-07T21:47:56-08:00,0,48
projects/projects.js,122,js,357ec92e,selinaz154,2025-02-07,21:47:56,-08:00,2025-02-07T21:47:56-08:00,0,29
projects/projects.js,123,js,357ec92e,selinaz154,2025-02-07,21:47:56,-08:00,2025-02-07T21:47:56-08:00,0,1
projects/projects.js,124,js,357ec92e,selinaz154,2025-02-07,21:47:56,-08:00,2025-02-07T21:47:56-08:00,0,0
projects/projects.js,125,js,357ec92e,selinaz154,2025-02-07,21:47:56,-08:00,2025-02-07T21:47:56-08:00,0,27
projects/projects.js,126,js,357ec92e,selinaz154,2025-02-07,21:47:56,-08:00,2025-02-07T21:47:56-08:00,0,28
projects/projects.js,127,js,357ec92e,selinaz154,2025-02-07,21:47:56,-08:00,2025-02-07T21:47:56-08:00,0,22
projects/projects.js,128,js,357ec92e,selinaz154,2025-02-07,21:47:56,-08:00,2025-02-07T21:47:56-08:00,0,30
projects/projects.js,129,js,357ec92e,selinaz154,2025-02-07,21:47:56,-08:00,2025-02-07T21:47:56-08:00,0,0
projects/projects.js,130,js,357ec92e,selinaz154,2025-02-07,21:47:56,-08:00,2025-02-07T21:47:56-08:00,0,32
projects/projects.js,131,js,357ec92e,selinaz154,2025-02-07,21:47:56,-08:00,2025-02-07T21:47:56-08:00,0,28
projects/projects.js,132,js,357ec92e,selinaz154,2025-02-07,21:47:56,-08:00,2025-02-07T21:47:56-08:00,0,14
projects/projects.js,133,js,357ec92e,selinaz154,2025-02-07,21:47:56,-08:00,2025-02-07T21:47:56-08:00,0,25
projects/projects.js,134,js,357ec92e,selinaz154,2025-02-07,21:47:56,-08:00,2025-02-07T21:47:56-08:00,0,42
projects/projects.js,135,js,357ec92e,selinaz154,2025-02-07,21:47:56,-08:00,2025-02-07T21:47:56-08:00,0,40
projects/projects.js,136,js,357ec92e,selinaz154,2025-02-07,21:47:56,-08:00,2025-02-07T21:47:56-08:00,0,2
projects/projects.js,137,js,357ec92e,selinaz154,2025-02-07,21:47:56,-08:00,2025-02-07T21:47:56-08:00,0,0
projects/projects.js,138,js,357ec92e,selinaz154,2025-02-07,21:47:56,-08:00,2025-02-07T21:47:56-08:00,0,21
projects/projects.js,139,js,357ec92e,selinaz154,2025-02-07,21:47:56,-08:00,2025-02-07T21:47:56-08:00,0,38
projects/projects.js,140,js,357ec92e,selinaz154,2025-02-07,21:47:56,-08:00,2025-02-07T21:47:56-08:00,0,65
projects/projects.js,141,js,357ec92e,selinaz154,2025-02-07,21:47:56,-08:00,2025-02-07T21:47:56-08:00,0,0
projects/projects.js,142,js,357ec92e,selinaz154,2025-02-07,21:47:56,-08:00,2025-02-07T21:47:56-08:00,0,30
projects/projects.js,143,js,357ec92e,selinaz154,2025-02-07,21:47:56,-08:00,2025-02-07T21:47:56-08:00,0,31
projects/projects.js,144,js,357ec92e,selinaz154,2025-02-07,21:47:56,-08:00,2025-02-07T21:47:56-08:00,0,39
projects/projects.js,145,js,357ec92e,selinaz154,2025-02-07,21:47:56,-08:00,2025-02-07T21:47:56-08:00,0,69
projects/projects.js,146,js,357ec92e,selinaz154,2025-02-07,21:47:56,-08:00,2025-02-07T21:47:56-08:00,0,42
projects/projects.js,147,js,357ec92e,selinaz154,2025-02-07,21:47:56,-08:00,2025-02-07T21:47:56-08:00,0,40
projects/projects.js,148,js,357ec92e,selinaz154,2025-02-07,21:47:56,-08:00,2025-02-07T21:47:56-08:00,0,2
projects/projects.js,149,js,357ec92e,selinaz154,2025-02-07,21:47:56,-08:00,2025-02-07T21:47:56-08:00,0,0
projects/projects.js,150,js,357ec92e,selinaz154,2025-02-07,21:47:56,-08:00,2025-02-07T21:47:56-08:00,0,28
projects/projects.js,151,js,357ec92e,selinaz154,2025-02-07,21:47:56,-08:00,2025-02-07T21:47:56-08:00,0,81
projects/projects.js,152,js,357ec92e,selinaz154,2025-02-07,21:47:56,-08:00,2025-02-07T21:47:56-08:00,0,118
projects/projects.js,153,js,357ec92e,selinaz154,2025-02-07,21:47:56,-08:00,2025-02-07T21:47:56-08:00,0,0
projects/projects.js,154,js,357ec92e,selinaz154,2025-02-07,21:47:56,-08:00,2025-02-07T21:47:56-08:00,0,57
projects/projects.js,155,js,357ec92e,selinaz154,2025-02-07,21:47:56,-08:00,2025-02-07T21:47:56-08:00,0,0
projects/projects.js,156,js,357ec92e,selinaz154,2025-02-07,21:47:56,-08:00,2025-02-07T21:47:56-08:00,0,0
projects/projects.js,157,js,357ec92e,selinaz154,2025-02-07,21:47:56,-08:00,2025-02-07T21:47:56-08:00,0,41
projects/projects.js,158,js,357ec92e,selinaz154,2025-02-07,21:47:56,-08:00,2025-02-07T21:47:56-08:00,0,39
projects/projects.js,159,js,357ec92e,selinaz154,2025-02-07,21:47:56,-08:00,2025-02-07T21:47:56-08:00,0,40
projects/projects.js,160,js,357ec92e,selinaz154,2025-02-07,21:47:56,-08:00,2025-02-07T21:47:56-08:00,0,0
projects/projects.js,161,js,357ec92e,selinaz154,2025-02-07,21:47:56,-08:00,2025-02-07T21:47:56-08:00,0,51
projects/projects.js,162,js,357ec92e,selinaz154,2025-02-07,21:47:56,-08:00,2025-02-07T21:47:56-08:00,0,54
projects/projects.js,163,js,357ec92e,selinaz154,2025-02-07,21:47:56,-08:00,2025-02-07T21:47:56-08:00,0,43
projects/projects.js,164,js,357ec92e,selinaz154,2025-02-07,21:47:56,-08:00,2025-02-07T21:47:56-08:00,0,52
projects/projects.js,165,js,357ec92e,selinaz154,2025-02-07,21:47:56,-08:00,2025-02-07T21:47:56-08:00,0,0
projects/projects.js,166,js,357ec92e,selinaz154,2025-02-07,21:47:56,-08:00,2025-02-07T21:47:56-08:00,0,28
projects/projects.js,167,js,357ec92e,selinaz154,2025-02-07,21:47:56,-08:00,2025-02-07T21:47:56-08:00,0,29
projects/projects.js,168,js,357ec92e,selinaz154,2025-02-07,21:47:56,-08:00,2025-02-07T21:47:56-08:00,0,33
projects/projects.js,169,js,357ec92e,selinaz154,2025-02-07,21:47:56,-08:00,2025-02-07T21:47:56-08:00,0,0
projects/projects.js,170,js,357ec92e,selinaz154,2025-02-07,21:47:56,-08:00,2025-02-07T21:47:56-08:00,0,36
projects/projects.js,171,js,357ec92e,selinaz154,2025-02-07,21:47:56,-08:00,2025-02-07T21:47:56-08:00,0,34
projects/projects.js,172,js,357ec92e,selinaz154,2025-02-07,21:47:56,-08:00,2025-02-07T21:47:56-08:00,0,41
projects/projects.js,173,js,357ec92e,selinaz154,2025-02-07,21:47:56,-08:00,2025-02-07T21:47:56-08:00,0,0
projects/projects.js,174,js,357ec92e,selinaz154,2025-02-07,21:47:56,-08:00,2025-02-07T21:47:56-08:00,0,0
projects/projects.js,175,js,357ec92e,selinaz154,2025-02-07,21:47:56,-08:00,2025-02-07T21:47:56-08:00,0,33
projects/projects.js,176,js,357ec92e,selinaz154,2025-02-07,21:47:56,-08:00,2025-02-07T21:47:56-08:00,0,24
projects/projects.js,177,js,357ec92e,selinaz154,2025-02-07,21:47:56,-08:00,2025-02-07T21:47:56-08:00,0,0
projects/projects.js,178,js,357ec92e,selinaz154,2025-02-07,21:47:56,-08:00,2025-02-07T21:47:56-08:00,0,14
projects/projects.js,179,js,357ec92e,selinaz154,2025-02-07,21:47:56,-08:00,2025-02-07T21:47:56-08:00,0,54
projects/projects.js,180,js,357ec92e,selinaz154,2025-02-07,21:47:56,-08:00,2025-02-07T21:47:56-08:00,0,0
projects/projects.js,181,js,357ec92e,selinaz154,2025-02-07,21:47:56,-08:00,2025-02-07T21:47:56-08:00,0,25
projects/projects.js,182,js,357ec92e,selinaz154,2025-02-07,21:47:56,-08:00,2025-02-07T21:47:56-08:00,0,36
projects/projects.js,183,js,357ec92e,selinaz154,2025-02-07,21:47:56,-08:00,2025-02-07T21:47:56-08:00,0,59
projects/projects.js,184,js,357ec92e,selinaz154,2025-02-07,21:47:56,-08:00,2025-02-07T21:47:56-08:00,0,43
projects/projects.js,185,js,357ec92e,selinaz154,2025-02-07,21:47:56,-08:00,2025-02-07T21:47:56-08:00,0,2
projects/projects.js,186,js,357ec92e,selinaz154,2025-02-07,21:47:56,-08:00,2025-02-07T21:47:56-08:00,0,0
projects/projects.js,187,js,7ff33d83,selinaz154,2025-01-30,12:27:24,-08:00,2025-01-30T12:27:24-08:00,0,0
projects/projects.js,188,js,357ec92e,selinaz154,2025-02-07,21:47:56,-08:00,2025-02-07T21:47:56-08:00,0,49
projects/projects.js,189,js,357ec92e,selinaz154,2025-02-07,21:47:56,-08:00,2025-02-07T21:47:56-08:00,0,26
projects/projects.js,190,js,357ec92e,selinaz154,2025-02-07,21:47:56,-08:00,2025-02-07T21:47:56-08:00,0,0
projects/projects.js,191,js,357ec92e,selinaz154,2025-02-07,21:47:56,-08:00,2025-02-07T21:47:56-08:00,0,51
projects/projects.js,192,js,357ec92e,selinaz154,2025-02-07,21:47:56,-08:00,2025-02-07T21:47:56-08:00,0,0
projects/projects.js,193,js,357ec92e,selinaz154,2025-02-07,21:47:56,-08:00,2025-02-07T21:47:56-08:00,0,53
projects/projects.js,194,js,357ec92e,selinaz154,2025-02-07,21:47:56,-08:00,2025-02-07T21:47:56-08:00,0,57
projects/projects.js,195,js,357ec92e,selinaz154,2025-02-07,21:47:56,-08:00,2025-02-07T21:47:56-08:00,0,32
projects/projects.js,196,js,357ec92e,selinaz154,2025-02-07,21:47:56,-08:00,2025-02-07T21:47:56-08:00,0,2
projects/index.html,1,html,44ccc484,selinaz154,2025-01-06,15:12:02,-08:00,2025-01-06T15:12:02-08:00,0,14
projects/index.html,2,html,44ccc484,selinaz154,2025-01-06,15:12:02,-08:00,2025-01-06T15:12:02-08:00,0,15
projects/index.html,3,html,44ccc484,selinaz154,2025-01-06,15:12:02,-08:00,2025-01-06T15:12:02-08:00,0,5
projects/index.html,4,html,44ccc484,selinaz154,2025-01-06,15:12:02,-08:00,2025-01-06T15:12:02-08:00,0,21
projects/index.html,5,html,44ccc484,selinaz154,2025-01-06,15:12:02,-08:00,2025-01-06T15:12:02-08:00,0,69
projects/index.html,6,html,c7e46177,selinaz154,2025-01-07,10:43:32,-08:00,2025-01-07T10:43:32-08:00,0,22
projects/index.html,7,html,0294f4a0,selinaz154,2025-01-13,20:52:03,-08:00,2025-01-13T20:52:03-08:00,0,44
projects/index.html,8,html,8aecd498,selinaz154,2025-01-23,13:58:31,-08:00,2025-01-23T13:58:31-08:00,0,53
projects/index.html,9,html,4d6f8c93,selinaz154,2025-01-30,18:00:26,-08:00,2025-01-30T18:00:26-08:00,0,51
projects/index.html,10,html,44ccc484,selinaz154,2025-01-06,15:12:02,-08:00,2025-01-06T15:12:02-08:00,0,6
projects/index.html,11,html,2f77146d,selinaz154,2025-01-17,14:04:42,-08:00,2025-01-17T14:04:42-08:00,0,6
projects/index.html,12,html,8aecd498,selinaz154,2025-01-23,13:58:31,-08:00,2025-01-23T13:58:31-08:00,0,12
projects/index.html,13,html,e7a7e361,selinaz154,2025-01-14,23:10:17,-08:00,2025-01-14T23:10:17-08:00,0,4
projects/index.html,14,html,e7a7e361,selinaz154,2025-01-14,23:10:17,-08:00,2025-01-14T23:10:17-08:00,0,3
projects/index.html,15,html,f28bf911,selinaz154,2025-01-15,01:20:02,-08:00,2025-01-15T01:20:02-08:00,0,67
projects/index.html,16,html,8aecd498,selinaz154,2025-01-23,13:58:31,-08:00,2025-01-23T13:58:31-08:00,0,63
projects/index.html,17,html,2f77146d,selinaz154,2025-01-17,14:04:42,-08:00,2025-01-17T14:04:42-08:00,0,61
projects/index.html,18,html,dc0c49d4,selinaz154,2025-01-16,21:13:38,-08:00,2025-01-16T21:13:38-08:00,0,53
projects/index.html,19,html,e7a7e361,selinaz154,2025-01-14,23:10:17,-08:00,2025-01-14T23:10:17-08:00,0,37
projects/index.html,20,html,2f77146d,selinaz154,2025-01-17,14:04:42,-08:00,2025-01-17T14:04:42-08:00,0,78
projects/index.html,21,html,e7a7e361,selinaz154,2025-01-14,23:10:17,-08:00,2025-01-14T23:10:17-08:00,0,4
projects/index.html,22,html,e7a7e361,selinaz154,2025-01-14,23:10:17,-08:00,2025-01-14T23:10:17-08:00,0,5
projects/index.html,23,html,8aecd498,selinaz154,2025-01-23,13:58:31,-08:00,2025-01-23T13:58:31-08:00,0,12
projects/index.html,24,html,c7e46177,selinaz154,2025-01-07,10:43:32,-08:00,2025-01-07T10:43:32-08:00,0,3
projects/index.html,25,html,1c27f893,selinaz154,2025-01-08,22:59:22,-08:00,2025-01-08T22:59:22-08:00,0,7
projects/index.html,26,html,fa89dca5,selinaz154,2025-01-13,22:01:49,-08:00,2025-01-13T22:01:49-08:00,0,0
projects/index.html,27,html,c7e46177,selinaz154,2025-01-07,10:43:32,-08:00,2025-01-07T10:43:32-08:00,0,4
projects/index.html,28,html,357ec92e,selinaz154,2025-02-07,21:47:56,-08:00,2025-02-07T21:47:56-08:00,0,23
projects/index.html,29,html,357ec92e,selinaz154,2025-02-07,21:47:56,-08:00,2025-02-07T21:47:56-08:00,0,53
projects/index.html,30,html,357ec92e,selinaz154,2025-02-07,21:47:56,-08:00,2025-02-07T21:47:56-08:00,0,5
projects/index.html,31,html,357ec92e,selinaz154,2025-02-07,21:47:56,-08:00,2025-02-07T21:47:56-08:00,0,23
projects/index.html,32,html,357ec92e,selinaz154,2025-02-07,21:47:56,-08:00,2025-02-07T21:47:56-08:00,0,0
projects/index.html,33,html,357ec92e,selinaz154,2025-02-07,21:47:56,-08:00,2025-02-07T21:47:56-08:00,0,5
projects/index.html,34,html,357ec92e,selinaz154,2025-02-07,21:47:56,-08:00,2025-02-07T21:47:56-08:00,0,0
projects/index.html,35,html,357ec92e,selinaz154,2025-02-07,21:47:56,-08:00,2025-02-07T21:47:56-08:00,0,5
projects/index.html,36,html,357ec92e,selinaz154,2025-02-07,21:47:56,-08:00,2025-02-07T21:47:56-08:00,0,16
projects/index.html,37,html,357ec92e,selinaz154,2025-02-07,21:47:56,-08:00,2025-02-07T21:47:56-08:00,0,12
projects/index.html,38,html,357ec92e,selinaz154,2025-02-07,21:47:56,-08:00,2025-02-07T21:47:56-08:00,0,27
projects/index.html,39,html,357ec92e,selinaz154,2025-02-07,21:47:56,-08:00,2025-02-07T21:47:56-08:00,0,32
projects/index.html,40,html,357ec92e,selinaz154,2025-02-07,21:47:56,-08:00,2025-02-07T21:47:56-08:00,0,1
projects/index.html,41,html,357ec92e,selinaz154,2025-02-07,21:47:56,-08:00,2025-02-07T21:47:56-08:00,0,0
projects/index.html,42,html,357ec92e,selinaz154,2025-02-07,21:47:56,-08:00,2025-02-07T21:47:56-08:00,0,0
projects/index.html,43,html,357ec92e,selinaz154,2025-02-07,21:47:56,-08:00,2025-02-07T21:47:56-08:00,0,0
projects/index.html,44,html,fa89dca5,selinaz154,2025-01-13,22:01:49,-08:00,2025-01-13T22:01:49-08:00,0,21
projects/index.html,45,html,71152c6a,selinaz154,2025-01-30,20:01:24,-08:00,2025-01-30T20:01:24-08:00,0,0
projects/index.html,46,html,357ec92e,selinaz154,2025-02-07,21:47:56,-08:00,2025-02-07T21:47:56-08:00,0,0
projects/index.html,47,html,357ec92e,selinaz154,2025-02-07,21:47:56,-08:00,2025-02-07T21:47:56-08:00,0,0
projects/index.html,48,html,357ec92e,selinaz154,2025-02-07,21:47:56,-08:00,2025-02-07T21:47:56-08:00,0,0
projects/index.html,49,html,4d6f8c93,selinaz154,2025-01-30,18:00:26,-08:00,2025-01-30T18:00:26-08:00,0,13
projects/index.html,50,html,fa89dca5,selinaz154,2025-01-13,22:01:49,-08:00,2025-01-13T22:01:49-08:00,0,30
projects/index.html,51,html,fa89dca5,selinaz154,2025-01-13,22:01:49,-08:00,2025-01-13T22:01:49-08:00,0,71
projects/index.html,52,html,fa89dca5,selinaz154,2025-01-13,22:01:49,-08:00,2025-01-13T22:01:49-08:00,0,197
projects/index.html,53,html,fa89dca5,selinaz154,2025-01-13,22:01:49,-08:00,2025-01-13T22:01:49-08:00,0,9
projects/index.html,54,html,fa89dca5,selinaz154,2025-01-13,22:01:49,-08:00,2025-01-13T22:01:49-08:00,0,8
projects/index.html,55,html,fa89dca5,selinaz154,2025-01-13,22:01:49,-08:00,2025-01-13T22:01:49-08:00,0,35
projects/index.html,56,html,fa89dca5,selinaz154,2025-01-13,22:01:49,-08:00,2025-01-13T22:01:49-08:00,0,71
projects/index.html,57,html,fa89dca5,selinaz154,2025-01-13,22:01:49,-08:00,2025-01-13T22:01:49-08:00,0,237
projects/index.html,58,html,fa89dca5,selinaz154,2025-01-13,22:01:49,-08:00,2025-01-13T22:01:49-08:00,0,9
projects/index.html,59,html,fa89dca5,selinaz154,2025-01-13,22:01:49,-08:00,2025-01-13T22:01:49-08:00,0,8
projects/index.html,60,html,fa89dca5,selinaz154,2025-01-13,22:01:49,-08:00,2025-01-13T22:01:49-08:00,0,33
projects/index.html,61,html,fa89dca5,selinaz154,2025-01-13,22:01:49,-08:00,2025-01-13T22:01:49-08:00,0,71
projects/index.html,62,html,fa89dca5,selinaz154,2025-01-13,22:01:49,-08:00,2025-01-13T22:01:49-08:00,0,238
projects/index.html,63,html,fa89dca5,selinaz154,2025-01-13,22:01:49,-08:00,2025-01-13T22:01:49-08:00,0,9
projects/index.html,64,html,fa89dca5,selinaz154,2025-01-13,22:01:49,-08:00,2025-01-13T22:01:49-08:00,0,8
projects/index.html,65,html,fa89dca5,selinaz154,2025-01-13,22:01:49,-08:00,2025-01-13T22:01:49-08:00,0,30
projects/index.html,66,html,fa89dca5,selinaz154,2025-01-13,22:01:49,-08:00,2025-01-13T22:01:49-08:00,0,71
projects/index.html,67,html,fa89dca5,selinaz154,2025-01-13,22:01:49,-08:00,2025-01-13T22:01:49-08:00,0,236
projects/index.html,68,html,fa89dca5,selinaz154,2025-01-13,22:01:49,-08:00,2025-01-13T22:01:49-08:00,0,9
projects/index.html,69,html,fa89dca5,selinaz154,2025-01-13,22:01:49,-08:00,2025-01-13T22:01:49-08:00,0,8
projects/index.html,70,html,fa89dca5,selinaz154,2025-01-13,22:01:49,-08:00,2025-01-13T22:01:49-08:00,0,41
projects/index.html,71,html,fa89dca5,selinaz154,2025-01-13,22:01:49,-08:00,2025-01-13T22:01:49-08:00,0,71
projects/index.html,72,html,fa89dca5,selinaz154,2025-01-13,22:01:49,-08:00,2025-01-13T22:01:49-08:00,0,238
projects/index.html,73,html,fa89dca5,selinaz154,2025-01-13,22:01:49,-08:00,2025-01-13T22:01:49-08:00,0,9
projects/index.html,74,html,fa89dca5,selinaz154,2025-01-13,22:01:49,-08:00,2025-01-13T22:01:49-08:00,0,8
projects/index.html,75,html,fa89dca5,selinaz154,2025-01-13,22:01:49,-08:00,2025-01-13T22:01:49-08:00,0,40
projects/index.html,76,html,fa89dca5,selinaz154,2025-01-13,22:01:49,-08:00,2025-01-13T22:01:49-08:00,0,71
projects/index.html,77,html,fa89dca5,selinaz154,2025-01-13,22:01:49,-08:00,2025-01-13T22:01:49-08:00,0,218
projects/index.html,78,html,fa89dca5,selinaz154,2025-01-13,22:01:49,-08:00,2025-01-13T22:01:49-08:00,0,9
projects/index.html,79,html,fa89dca5,selinaz154,2025-01-13,22:01:49,-08:00,2025-01-13T22:01:49-08:00,0,8
projects/index.html,80,html,fa89dca5,selinaz154,2025-01-13,22:01:49,-08:00,2025-01-13T22:01:49-08:00,0,30
projects/index.html,81,html,fa89dca5,selinaz154,2025-01-13,22:01:49,-08:00,2025-01-13T22:01:49-08:00,0,71
projects/index.html,82,html,fa89dca5,selinaz154,2025-01-13,22:01:49,-08:00,2025-01-13T22:01:49-08:00,0,237
projects/index.html,83,html,fa89dca5,selinaz154,2025-01-13,22:01:49,-08:00,2025-01-13T22:01:49-08:00,0,9
projects/index.html,84,html,fa89dca5,selinaz154,2025-01-13,22:01:49,-08:00,2025-01-13T22:01:49-08:00,0,8
projects/index.html,85,html,fa89dca5,selinaz154,2025-01-13,22:01:49,-08:00,2025-01-13T22:01:49-08:00,0,34
projects/index.html,86,html,fa89dca5,selinaz154,2025-01-13,22:01:49,-08:00,2025-01-13T22:01:49-08:00,0,71
projects/index.html,87,html,fa89dca5,selinaz154,2025-01-13,22:01:49,-08:00,2025-01-13T22:01:49-08:00,0,245
projects/index.html,88,html,fa89dca5,selinaz154,2025-01-13,22:01:49,-08:00,2025-01-13T22:01:49-08:00,0,9
projects/index.html,89,html,fa89dca5,selinaz154,2025-01-13,22:01:49,-08:00,2025-01-13T22:01:49-08:00,0,8
projects/index.html,90,html,fa89dca5,selinaz154,2025-01-13,22:01:49,-08:00,2025-01-13T22:01:49-08:00,0,45
projects/index.html,91,html,fa89dca5,selinaz154,2025-01-13,22:01:49,-08:00,2025-01-13T22:01:49-08:00,0,71
projects/index.html,92,html,fa89dca5,selinaz154,2025-01-13,22:01:49,-08:00,2025-01-13T22:01:49-08:00,0,228
projects/index.html,93,html,fa89dca5,selinaz154,2025-01-13,22:01:49,-08:00,2025-01-13T22:01:49-08:00,0,9
projects/index.html,94,html,fa89dca5,selinaz154,2025-01-13,22:01:49,-08:00,2025-01-13T22:01:49-08:00,0,8
projects/index.html,95,html,fa89dca5,selinaz154,2025-01-13,22:01:49,-08:00,2025-01-13T22:01:49-08:00,0,32
projects/index.html,96,html,fa89dca5,selinaz154,2025-01-13,22:01:49,-08:00,2025-01-13T22:01:49-08:00,0,71
projects/index.html,97,html,fa89dca5,selinaz154,2025-01-13,22:01:49,-08:00,2025-01-13T22:01:49-08:00,0,257
projects/index.html,98,html,fa89dca5,selinaz154,2025-01-13,22:01:49,-08:00,2025-01-13T22:01:49-08:00,0,9
projects/index.html,99,html,fa89dca5,selinaz154,2025-01-13,22:01:49,-08:00,2025-01-13T22:01:49-08:00,0,8
projects/index.html,100,html,fa89dca5,selinaz154,2025-01-13,22:01:49,-08:00,2025-01-13T22:01:49-08:00,0,37
projects/index.html,101,html,fa89dca5,selinaz154,2025-01-13,22:01:49,-08:00,2025-01-13T22:01:49-08:00,0,71
projects/index.html,102,html,fa89dca5,selinaz154,2025-01-13,22:01:49,-08:00,2025-01-13T22:01:49-08:00,0,219
projects/index.html,103,html,fa89dca5,selinaz154,2025-01-13,22:01:49,-08:00,2025-01-13T22:01:49-08:00,0,9
projects/index.html,104,html,fa89dca5,selinaz154,2025-01-13,22:01:49,-08:00,2025-01-13T22:01:49-08:00,0,8
projects/index.html,105,html,fa89dca5,selinaz154,2025-01-13,22:01:49,-08:00,2025-01-13T22:01:49-08:00,0,39
projects/index.html,106,html,fa89dca5,selinaz154,2025-01-13,22:01:49,-08:00,2025-01-13T22:01:49-08:00,0,71
projects/index.html,107,html,fa89dca5,selinaz154,2025-01-13,22:01:49,-08:00,2025-01-13T22:01:49-08:00,0,215
projects/index.html,108,html,4d6f8c93,selinaz154,2025-01-30,18:00:26,-08:00,2025-01-30T18:00:26-08:00,0,13
projects/index.html,109,html,357ec92e,selinaz154,2025-02-07,21:47:56,-08:00,2025-02-07T21:47:56-08:00,0,0
projects/index.html,110,html,357ec92e,selinaz154,2025-02-07,21:47:56,-08:00,2025-02-07T21:47:56-08:00,0,0
projects/index.html,111,html,357ec92e,selinaz154,2025-02-07,21:47:56,-08:00,2025-02-07T21:47:56-08:00,0,27
projects/index.html,112,html,357ec92e,selinaz154,2025-02-07,21:47:56,-08:00,2025-02-07T21:47:56-08:00,0,0
projects/index.html,113,html,4d6f8c93,selinaz154,2025-01-30,18:00:26,-08:00,2025-01-30T18:00:26-08:00,0,49
projects/index.html,114,html,4d6f8c93,selinaz154,2025-01-30,18:00:26,-08:00,2025-01-30T18:00:26-08:00,0,48
projects/index.html,115,html,44ccc484,selinaz154,2025-01-06,15:12:02,-08:00,2025-01-06T15:12:02-08:00,0,6
projects/index.html,116,html,3dcfbe10,selinaz154,2025-01-08,23:53:17,-08:00,2025-01-08T23:53:17-08:00,0,6
meta/index.html,1,html,ab72881f,selinaz154,2025-02-14,15:39:24,-08:00,2025-02-14T15:39:24-08:00,0,14
meta/index.html,2,html,ab72881f,selinaz154,2025-02-14,15:39:24,-08:00,2025-02-14T15:39:24-08:00,0,15
meta/index.html,3,html,ab72881f,selinaz154,2025-02-14,15:39:24,-08:00,2025-02-14T15:39:24-08:00,0,5
meta/index.html,4,html,ab72881f,selinaz154,2025-02-14,15:39:24,-08:00,2025-02-14T15:39:24-08:00,0,21
meta/index.html,5,html,ab72881f,selinaz154,2025-02-14,15:39:24,-08:00,2025-02-14T15:39:24-08:00,0,69
meta/index.html,6,html,ab72881f,selinaz154,2025-02-14,15:39:24,-08:00,2025-02-14T15:39:24-08:00,0,22
meta/index.html,7,html,ab72881f,selinaz154,2025-02-14,15:39:24,-08:00,2025-02-14T15:39:24-08:00,0,44
meta/index.html,8,html,ab72881f,selinaz154,2025-02-14,15:39:24,-08:00,2025-02-14T15:39:24-08:00,0,53
meta/index.html,9,html,ab72881f,selinaz154,2025-02-14,15:39:24,-08:00,2025-02-14T15:39:24-08:00,0,6
meta/index.html,10,html,ab72881f,selinaz154,2025-02-14,15:39:24,-08:00,2025-02-14T15:39:24-08:00,0,5
meta/index.html,11,html,ab72881f,selinaz154,2025-02-14,15:39:24,-08:00,2025-02-14T15:39:24-08:00,0,12
meta/index.html,12,html,ab72881f,selinaz154,2025-02-14,15:39:24,-08:00,2025-02-14T15:39:24-08:00,0,62
meta/index.html,13,html,ab72881f,selinaz154,2025-02-14,15:39:24,-08:00,2025-02-14T15:39:24-08:00,0,21
meta/index.html,14,html,ab72881f,selinaz154,2025-02-14,15:39:24,-08:00,2025-02-14T15:39:24-08:00,0,52
meta/index.html,15,html,ab72881f,selinaz154,2025-02-14,15:39:24,-08:00,2025-02-14T15:39:24-08:00,0,6
meta/index.html,16,html,ab72881f,selinaz154,2025-02-14,15:39:24,-08:00,2025-02-14T15:39:24-08:00,0,6
cv/index.html,1,html,7cb4a253,selinaz154,2025-01-08,23:31:24,-08:00,2025-01-08T23:31:24-08:00,0,14
cv/index.html,2,html,7cb4a253,selinaz154,2025-01-08,23:31:24,-08:00,2025-01-08T23:31:24-08:00,0,15
cv/index.html,3,html,7cb4a253,selinaz154,2025-01-08,23:31:24,-08:00,2025-01-08T23:31:24-08:00,0,5
cv/index.html,4,html,7cb4a253,selinaz154,2025-01-08,23:31:24,-08:00,2025-01-08T23:31:24-08:00,0,21
cv/index.html,5,html,7cb4a253,selinaz154,2025-01-08,23:31:24,-08:00,2025-01-08T23:31:24-08:00,0,69
cv/index.html,6,html,7cb4a253,selinaz154,2025-01-08,23:31:24,-08:00,2025-01-08T23:31:24-08:00,0,20
cv/index.html,7,html,6c489e70,selinaz154,2025-01-24,13:51:35,-08:00,2025-01-24T13:51:35-08:00,0,44
cv/index.html,8,html,b0c481a3,selinaz154,2025-01-24,13:24:26,-08:00,2025-01-24T13:24:26-08:00,0,53
cv/index.html,9,html,8aecd498,selinaz154,2025-01-23,13:58:31,-08:00,2025-01-23T13:58:31-08:00,0,0
cv/index.html,10,html,7cb4a253,selinaz154,2025-01-08,23:31:24,-08:00,2025-01-08T23:31:24-08:00,0,6
cv/index.html,11,html,6c489e70,selinaz154,2025-01-24,13:51:35,-08:00,2025-01-24T13:51:35-08:00,0,3
cv/index.html,12,html,6c489e70,selinaz154,2025-01-24,13:51:35,-08:00,2025-01-24T13:51:35-08:00,0,23
cv/index.html,13,html,6c489e70,selinaz154,2025-01-24,13:51:35,-08:00,2025-01-24T13:51:35-08:00,0,4
cv/index.html,14,html,2f77146d,selinaz154,2025-01-17,14:04:42,-08:00,2025-01-17T14:04:42-08:00,0,18
cv/index.html,15,html,8aecd498,selinaz154,2025-01-23,13:58:31,-08:00,2025-01-23T13:58:31-08:00,0,12
cv/index.html,16,html,fafe5307,selinaz154,2025-01-15,00:34:58,-08:00,2025-01-15T00:34:58-08:00,0,4
cv/index.html,17,html,fafe5307,selinaz154,2025-01-15,00:34:58,-08:00,2025-01-15T00:34:58-08:00,0,3
cv/index.html,18,html,8aecd498,selinaz154,2025-01-23,13:58:31,-08:00,2025-01-23T13:58:31-08:00,0,66
cv/index.html,19,html,8aecd498,selinaz154,2025-01-23,13:58:31,-08:00,2025-01-23T13:58:31-08:00,0,60
cv/index.html,20,html,fafe5307,selinaz154,2025-01-15,00:34:58,-08:00,2025-01-15T00:34:58-08:00,0,52
cv/index.html,21,html,dc0c49d4,selinaz154,2025-01-16,21:13:38,-08:00,2025-01-16T21:13:38-08:00,0,50
cv/index.html,22,html,2f77146d,selinaz154,2025-01-17,14:04:42,-08:00,2025-01-17T14:04:42-08:00,0,52
cv/index.html,23,html,2f77146d,selinaz154,2025-01-17,14:04:42,-08:00,2025-01-17T14:04:42-08:00,0,78
cv/index.html,24,html,fafe5307,selinaz154,2025-01-15,00:34:58,-08:00,2025-01-15T00:34:58-08:00,0,4
cv/index.html,25,html,fafe5307,selinaz154,2025-01-15,00:34:58,-08:00,2025-01-15T00:34:58-08:00,0,5
cv/index.html,26,html,8aecd498,selinaz154,2025-01-23,13:58:31,-08:00,2025-01-23T13:58:31-08:00,0,12
cv/index.html,27,html,fafe5307,selinaz154,2025-01-15,00:34:58,-08:00,2025-01-15T00:34:58-08:00,0,0
cv/index.html,28,html,83bc653a,selinaz154,2025-01-08,23:51:00,-08:00,2025-01-08T23:51:00-08:00,0,25
cv/index.html,29,html,83bc653a,selinaz154,2025-01-08,23:51:00,-08:00,2025-01-08T23:51:00-08:00,0,19
cv/index.html,30,html,83bc653a,selinaz154,2025-01-08,23:51:00,-08:00,2025-01-08T23:51:00-08:00,0,8
cv/index.html,31,html,83bc653a,selinaz154,2025-01-08,23:51:00,-08:00,2025-01-08T23:51:00-08:00,0,7
cv/index.html,32,html,83bc653a,selinaz154,2025-01-08,23:51:00,-08:00,2025-01-08T23:51:00-08:00,0,12
cv/index.html,33,html,83bc653a,selinaz154,2025-01-08,23:51:00,-08:00,2025-01-08T23:51:00-08:00,0,85
cv/index.html,34,html,83bc653a,selinaz154,2025-01-08,23:51:00,-08:00,2025-01-08T23:51:00-08:00,0,8
cv/index.html,35,html,83bc653a,selinaz154,2025-01-08,23:51:00,-08:00,2025-01-08T23:51:00-08:00,0,40
cv/index.html,36,html,83bc653a,selinaz154,2025-01-08,23:51:00,-08:00,2025-01-08T23:51:00-08:00,0,9
cv/index.html,37,html,83bc653a,selinaz154,2025-01-08,23:51:00,-08:00,2025-01-08T23:51:00-08:00,0,9
cv/index.html,38,html,83bc653a,selinaz154,2025-01-08,23:51:00,-08:00,2025-01-08T23:51:00-08:00,0,0
cv/index.html,39,html,d07722aa,selinaz154,2025-01-09,19:27:13,-08:00,2025-01-09T19:27:13-08:00,0,27
cv/index.html,40,html,d0fdba37,selinaz154,2025-01-15,00:54:57,-08:00,2025-01-15T00:54:57-08:00,0,21
cv/index.html,41,html,83bc653a,selinaz154,2025-01-08,23:51:00,-08:00,2025-01-08T23:51:00-08:00,0,8
cv/index.html,42,html,83bc653a,selinaz154,2025-01-08,23:51:00,-08:00,2025-01-08T23:51:00-08:00,0,7
cv/index.html,43,html,83bc653a,selinaz154,2025-01-08,23:51:00,-08:00,2025-01-08T23:51:00-08:00,0,24
cv/index.html,44,html,83bc653a,selinaz154,2025-01-08,23:51:00,-08:00,2025-01-08T23:51:00-08:00,0,50
cv/index.html,45,html,83bc653a,selinaz154,2025-01-08,23:51:00,-08:00,2025-01-08T23:51:00-08:00,0,63
cv/index.html,46,html,83bc653a,selinaz154,2025-01-08,23:51:00,-08:00,2025-01-08T23:51:00-08:00,0,8
cv/index.html,47,html,83bc653a,selinaz154,2025-01-08,23:51:00,-08:00,2025-01-08T23:51:00-08:00,0,50
cv/index.html,48,html,83bc653a,selinaz154,2025-01-08,23:51:00,-08:00,2025-01-08T23:51:00-08:00,0,9
cv/index.html,49,html,d07722aa,selinaz154,2025-01-09,19:27:13,-08:00,2025-01-09T19:27:13-08:00,0,8
cv/index.html,50,html,d07722aa,selinaz154,2025-01-09,19:27:13,-08:00,2025-01-09T19:27:13-08:00,0,7
cv/index.html,51,html,d07722aa,selinaz154,2025-01-09,19:27:13,-08:00,2025-01-09T19:27:13-08:00,0,15
cv/index.html,52,html,d07722aa,selinaz154,2025-01-09,19:27:13,-08:00,2025-01-09T19:27:13-08:00,0,53
cv/index.html,53,html,d07722aa,selinaz154,2025-01-09,19:27:13,-08:00,2025-01-09T19:27:13-08:00,0,8
cv/index.html,54,html,d07722aa,selinaz154,2025-01-09,19:27:13,-08:00,2025-01-09T19:27:13-08:00,0,64
cv/index.html,55,html,d07722aa,selinaz154,2025-01-09,19:27:13,-08:00,2025-01-09T19:27:13-08:00,0,11
cv/index.html,56,html,d07722aa,selinaz154,2025-01-09,19:27:13,-08:00,2025-01-09T19:27:13-08:00,0,9
cv/index.html,57,html,d07722aa,selinaz154,2025-01-09,19:27:13,-08:00,2025-01-09T19:27:13-08:00,0,0
cv/index.html,58,html,d07722aa,selinaz154,2025-01-09,19:27:13,-08:00,2025-01-09T19:27:13-08:00,0,9
cv/index.html,59,html,d07722aa,selinaz154,2025-01-09,19:27:13,-08:00,2025-01-09T19:27:13-08:00,0,0
cv/index.html,60,html,ea9134a1,selinaz154,2025-01-31,13:03:04,-08:00,2025-01-31T13:03:04-08:00,0,24
cv/index.html,61,html,d07722aa,selinaz154,2025-01-09,19:27:13,-08:00,2025-01-09T19:27:13-08:00,0,25
cv/index.html,62,html,d07722aa,selinaz154,2025-01-09,19:27:13,-08:00,2025-01-09T19:27:13-08:00,0,8
cv/index.html,63,html,d07722aa,selinaz154,2025-01-09,19:27:13,-08:00,2025-01-09T19:27:13-08:00,0,7
cv/index.html,64,html,d07722aa,selinaz154,2025-01-09,19:27:13,-08:00,2025-01-09T19:27:13-08:00,0,26
cv/index.html,65,html,d07722aa,selinaz154,2025-01-09,19:27:13,-08:00,2025-01-09T19:27:13-08:00,0,83
cv/index.html,66,html,d07722aa,selinaz154,2025-01-09,19:27:13,-08:00,2025-01-09T19:27:13-08:00,0,8
cv/index.html,67,html,d07722aa,selinaz154,2025-01-09,19:27:13,-08:00,2025-01-09T19:27:13-08:00,0,62
cv/index.html,68,html,d07722aa,selinaz154,2025-01-09,19:27:13,-08:00,2025-01-09T19:27:13-08:00,0,31
cv/index.html,69,html,d07722aa,selinaz154,2025-01-09,19:27:13,-08:00,2025-01-09T19:27:13-08:00,0,3
cv/index.html,70,html,d07722aa,selinaz154,2025-01-09,19:27:13,-08:00,2025-01-09T19:27:13-08:00,0,9
cv/index.html,71,html,d07722aa,selinaz154,2025-01-09,19:27:13,-08:00,2025-01-09T19:27:13-08:00,0,0
cv/index.html,72,html,83bc653a,selinaz154,2025-01-08,23:51:00,-08:00,2025-01-08T23:51:00-08:00,0,9
cv/index.html,73,html,83bc653a,selinaz154,2025-01-08,23:51:00,-08:00,2025-01-08T23:51:00-08:00,0,0
cv/index.html,74,html,7cb4a253,selinaz154,2025-01-08,23:31:24,-08:00,2025-01-08T23:31:24-08:00,0,6
cv/index.html,75,html,7cb4a253,selinaz154,2025-01-08,23:31:24,-08:00,2025-01-08T23:31:24-08:00,0,6
cv/index.html,76,html,7cb4a253,selinaz154,2025-01-08,23:31:24,-08:00,2025-01-08T23:31:24-08:00,0,0
contact/index.html,1,html,44ccc484,selinaz154,2025-01-06,15:12:02,-08:00,2025-01-06T15:12:02-08:00,0,14
contact/index.html,2,html,44ccc484,selinaz154,2025-01-06,15:12:02,-08:00,2025-01-06T15:12:02-08:00,0,15
contact/index.html,3,html,44ccc484,selinaz154,2025-01-06,15:12:02,-08:00,2025-01-06T15:12:02-08:00,0,5
contact/index.html,4,html,44ccc484,selinaz154,2025-01-06,15:12:02,-08:00,2025-01-06T15:12:02-08:00,0,21
contact/index.html,5,html,44ccc484,selinaz154,2025-01-06,15:12:02,-08:00,2025-01-06T15:12:02-08:00,0,69
contact/index.html,6,html,c7e46177,selinaz154,2025-01-07,10:43:32,-08:00,2025-01-07T10:43:32-08:00,0,21
contact/index.html,7,html,0294f4a0,selinaz154,2025-01-13,20:52:03,-08:00,2025-01-13T20:52:03-08:00,0,44
contact/index.html,8,html,8aecd498,selinaz154,2025-01-23,13:58:31,-08:00,2025-01-23T13:58:31-08:00,0,53
contact/index.html,9,html,8aecd498,selinaz154,2025-01-23,13:58:31,-08:00,2025-01-23T13:58:31-08:00,0,0
contact/index.html,10,html,44ccc484,selinaz154,2025-01-06,15:12:02,-08:00,2025-01-06T15:12:02-08:00,0,6
contact/index.html,11,html,5e0e33dc,selinaz154,2025-01-13,21:14:09,-08:00,2025-01-13T21:14:09-08:00,0,0
contact/index.html,12,html,2f77146d,selinaz154,2025-01-17,14:04:42,-08:00,2025-01-17T14:04:42-08:00,0,6
contact/index.html,13,html,8aecd498,selinaz154,2025-01-23,13:58:31,-08:00,2025-01-23T13:58:31-08:00,0,12
contact/index.html,14,html,6c0e3832,selinaz154,2025-01-09,00:13:51,-08:00,2025-01-09T00:13:51-08:00,0,4
contact/index.html,15,html,3ceb368b,selinaz154,2025-01-15,22:08:56,-08:00,2025-01-15T22:08:56-08:00,0,0
contact/index.html,16,html,6c0e3832,selinaz154,2025-01-09,00:13:51,-08:00,2025-01-09T00:13:51-08:00,0,3
contact/index.html,17,html,3ceb368b,selinaz154,2025-01-15,22:08:56,-08:00,2025-01-15T22:08:56-08:00,0,68
contact/index.html,18,html,8aecd498,selinaz154,2025-01-23,13:58:31,-08:00,2025-01-23T13:58:31-08:00,0,63
contact/index.html,19,html,16938ca3,selinaz154,2025-01-09,00:39:34,-08:00,2025-01-09T00:39:34-08:00,0,55
contact/index.html,20,html,2f77146d,selinaz154,2025-01-17,14:04:42,-08:00,2025-01-17T14:04:42-08:00,0,60
contact/index.html,21,html,16938ca3,selinaz154,2025-01-09,00:39:34,-08:00,2025-01-09T00:39:34-08:00,0,37
contact/index.html,22,html,2f77146d,selinaz154,2025-01-17,14:04:42,-08:00,2025-01-17T14:04:42-08:00,0,78
contact/index.html,23,html,6c0e3832,selinaz154,2025-01-09,00:13:51,-08:00,2025-01-09T00:13:51-08:00,0,4
contact/index.html,24,html,6c0e3832,selinaz154,2025-01-09,00:13:51,-08:00,2025-01-09T00:13:51-08:00,0,5
contact/index.html,25,html,8aecd498,selinaz154,2025-01-23,13:58:31,-08:00,2025-01-23T13:58:31-08:00,0,12
contact/index.html,26,html,d16b5a21,selinaz154,2025-01-15,01:32:48,-08:00,2025-01-15T01:32:48-08:00,0,3
contact/index.html,27,html,d16b5a21,selinaz154,2025-01-15,01:32:48,-08:00,2025-01-15T01:32:48-08:00,0,9
contact/index.html,28,html,d16b5a21,selinaz154,2025-01-15,01:32:48,-08:00,2025-01-15T01:32:48-08:00,0,4
contact/index.html,29,html,cf29888d,selinaz154,2025-01-14,23:02:03,-08:00,2025-01-14T23:02:03-08:00,0,75
contact/index.html,30,html,cf29888d,selinaz154,2025-01-14,23:02:03,-08:00,2025-01-14T23:02:03-08:00,0,17
contact/index.html,31,html,2e205161,selinaz154,2025-01-08,14:53:10,-08:00,2025-01-08T14:53:10-08:00,0,0
contact/index.html,32,html,c0817aa6,selinaz154,2025-01-17,13:51:09,-08:00,2025-01-17T13:51:09-08:00,0,26
contact/index.html,33,html,c0817aa6,selinaz154,2025-01-17,13:51:09,-08:00,2025-01-17T13:51:09-08:00,0,61
contact/index.html,34,html,c0817aa6,selinaz154,2025-01-17,13:51:09,-08:00,2025-01-17T13:51:09-08:00,0,7
contact/index.html,35,html,c0817aa6,selinaz154,2025-01-17,13:51:09,-08:00,2025-01-17T13:51:09-08:00,0,0
contact/index.html,36,html,2e205161,selinaz154,2025-01-08,14:53:10,-08:00,2025-01-08T14:53:10-08:00,0,0
contact/index.html,37,html,c0817aa6,selinaz154,2025-01-17,13:51:09,-08:00,2025-01-17T13:51:09-08:00,0,30
contact/index.html,38,html,c0817aa6,selinaz154,2025-01-17,13:51:09,-08:00,2025-01-17T13:51:09-08:00,0,39
contact/index.html,39,html,c0817aa6,selinaz154,2025-01-17,13:51:09,-08:00,2025-01-17T13:51:09-08:00,0,7
contact/index.html,40,html,c0817aa6,selinaz154,2025-01-17,13:51:09,-08:00,2025-01-17T13:51:09-08:00,0,0
contact/index.html,41,html,2e205161,selinaz154,2025-01-08,14:53:10,-08:00,2025-01-08T14:53:10-08:00,0,0
contact/index.html,42,html,2f77146d,selinaz154,2025-01-17,14:04:42,-08:00,2025-01-17T14:04:42-08:00,0,48
contact/index.html,43,html,c0817aa6,selinaz154,2025-01-17,13:51:09,-08:00,2025-01-17T13:51:09-08:00,0,42
contact/index.html,44,html,c0817aa6,selinaz154,2025-01-17,13:51:09,-08:00,2025-01-17T13:51:09-08:00,0,7
contact/index.html,45,html,c0817aa6,selinaz154,2025-01-17,13:51:09,-08:00,2025-01-17T13:51:09-08:00,0,0
contact/index.html,46,html,2e205161,selinaz154,2025-01-08,14:53:10,-08:00,2025-01-08T14:53:10-08:00,0,0
contact/index.html,47,html,7cd6bbfd,selinaz154,2025-01-14,23:14:53,-08:00,2025-01-14T23:14:53-08:00,0,37
contact/index.html,48,html,2e205161,selinaz154,2025-01-08,14:53:10,-08:00,2025-01-08T14:53:10-08:00,0,6
contact/index.html,49,html,2e205161,selinaz154,2025-01-08,14:53:10,-08:00,2025-01-08T14:53:10-08:00,0,0
contact/index.html,50,html,44ccc484,selinaz154,2025-01-06,15:12:02,-08:00,2025-01-06T15:12:02-08:00,0,6
contact/index.html,51,html,44ccc484,selinaz154,2025-01-06,15:12:02,-08:00,2025-01-06T15:12:02-08:00,0,6
